Jackknife	Sample	MODIFIER	Total_Alleles
1	SH2514	71834	93924
1	NF24	71756	92820
1	WB13	31502	95631
1	CW2212	42172	92269
1	SH2515	72021	93703
1	VR14	40359	92966
1	DN26	32772	93308
1	BU1031	43506	90008
1	VT27	72086	94323
1	CW2214	48692	95425
1	BU04	45091	92263
1	GC30	65423	90068
1	DL2524	70298	90261
1	VT29	67797	88712
1	DL23523	72867	93384
1	PZ29	35766	95406
1	LI04	20680	94285
1	WE2430	36112	95710
1	WS04	73120	94136
1	WE2431	36432	94941
1	WS05	72541	93089
1	BB10	67786	88930
1	VG21	69501	92059
1	CE29	72267	95655
1	CA14	64561	89492
1	FC11	21355	95747
1	NF30	70010	90726
1	MM27	66665	91941
1	MI21	34538	96244
1	FU14	65206	91444
1	BB13	67437	88135
1	WB20	28294	94501
2	SH2514	71626	93727
2	NF24	71575	92613
2	WB13	31433	95448
2	CW2212	42136	92082
2	SH2515	71805	93488
2	VR14	40282	92772
2	DN26	32674	93094
2	BU1031	43507	89813
2	VT27	71924	94126
2	CW2214	48660	95231
2	BU04	45058	92069
2	GC30	65247	89880
2	DL2524	70126	90069
2	VT29	67599	88523
2	DL23523	72735	93197
2	PZ29	35712	95203
2	LI04	20637	94093
2	WE2430	36089	95514
2	WS04	72926	93932
2	WE2431	36413	94758
2	WS05	72317	92882
2	BB10	67608	88724
2	VG21	69339	91871
2	CE29	72137	95468
2	CA14	64396	89293
2	FC11	21321	95553
2	MM27	66534	91736
2	NF30	69802	90523
2	MI21	34491	96043
2	FU14	65038	91255
2	BB13	67219	87954
2	WB20	28209	94301
3	SH2514	71648	93773
3	NF24	71606	92657
3	WB13	31453	95492
3	CW2212	42118	92135
3	SH2515	71847	93550
3	VR14	40290	92838
3	DN26	32693	93137
3	BU1031	43494	89867
3	VT27	71903	94167
3	CW2214	48579	95278
3	BU04	45088	92128
3	GC30	65278	89925
3	DL2524	70200	90134
3	VT29	67642	88586
3	DL23523	72702	93256
3	PZ29	35739	95263
3	LI04	20649	94152
3	WE2430	36169	95569
3	WS04	72975	93986
3	WE2431	36384	94805
3	WS05	72377	92948
3	BB10	67729	88813
3	VG21	69342	91908
3	CE29	72132	95519
3	CA14	64422	89341
3	FC11	21343	95613
3	MM27	66526	91779
3	NF30	69916	90591
3	MI21	34516	96097
3	FU14	65049	91300
3	BB13	67312	88011
3	WB20	28270	94347
4	SH2514	71645	93773
4	NF24	71597	92673
4	WB13	31403	95497
4	CW2212	42120	92160
4	SH2515	71839	93557
4	VR14	40268	92861
4	DN26	32612	93158
4	BU1031	43496	89892
4	VT27	71937	94176
4	CW2214	48407	95287
4	BU04	45087	92157
4	GC30	65263	89915
4	DL2524	70162	90127
4	VT29	67626	88566
4	DL23523	72758	93268
4	PZ29	35712	95263
4	LI04	20662	94170
4	WE2430	36126	95579
4	WS04	72973	93991
4	WE2431	36363	94819
4	WS05	72366	92944
4	BB10	67670	88790
4	VG21	69353	91915
4	CE29	72135	95519
4	CA14	64428	89344
4	FC11	21278	95611
4	MM27	66561	91797
4	NF30	69852	90570
4	MI21	34462	96105
4	FU14	65089	91314
4	BB13	67329	88016
4	WB20	28249	94358
5	SH2514	71700	93776
5	NF24	71632	92656
5	WB13	31400	95502
5	CW2212	42105	92150
5	SH2515	71873	93544
5	VR14	40295	92850
5	DN26	32639	93158
5	BU1031	43495	89884
5	VT27	71918	94168
5	CW2214	48433	95278
5	BU04	45084	92144
5	GC30	65295	89922
5	DL2524	70206	90118
5	VT29	67649	88558
5	DL23523	72784	93247
5	PZ29	35703	95270
5	LI04	20629	94153
5	WE2430	36115	95576
5	WS04	72997	93971
5	WE2431	36369	94819
5	WS05	72426	92930
5	BB10	67717	88777
5	VG21	69382	91901
5	CE29	72163	95511
5	CA14	64429	89343
5	FC11	21341	95609
5	MM27	66544	91770
5	NF30	69880	90574
5	MI21	34465	96101
5	FU14	65063	91302
5	BB13	67346	88007
5	WB20	28231	94369
6	SH2514	71721	93794
6	NF24	71642	92687
6	WB13	31468	95523
6	CW2212	42160	92161
6	SH2515	71896	93571
6	VR14	40317	92868
6	DN26	32691	93171
6	BU1031	43549	89899
6	VT27	71966	94200
6	CW2214	48620	95311
6	BU04	45119	92147
6	GC30	65340	89936
6	DL2524	70204	90155
6	VT29	67690	88595
6	DL23523	72811	93265
6	PZ29	35771	95285
6	LI04	20658	94188
6	WE2430	36124	95606
6	WS04	72983	94009
6	WE2431	36411	94830
6	WS05	72397	92974
6	BB10	67746	88821
6	VG21	69347	91928
6	CE29	72198	95555
6	CA14	64484	89384
6	FC11	21338	95634
6	MM27	66596	91812
6	NF30	69910	90617
6	MI21	34504	96130
6	FU14	65145	91329
6	BB13	67340	88042
6	WB20	28272	94395
7	SH2514	71580	93726
7	NF24	71513	92609
7	WB13	31342	95453
7	CW2212	42070	92071
7	SH2515	71808	93512
7	VR14	40218	92765
7	DN26	32653	93097
7	BU1031	43444	89825
7	VT27	71869	94114
7	CW2214	48592	95233
7	BU04	45012	92074
7	GC30	65185	89870
7	DL2524	70074	90077
7	VT29	67595	88518
7	DL23523	72688	93190
7	PZ29	35646	95209
7	LI04	20626	94108
7	WE2430	36029	95518
7	WS04	72866	93919
7	WE2431	36319	94751
7	WS05	72267	92871
7	BB10	67657	88740
7	VG21	69330	91851
7	CE29	72064	95462
7	CA14	64360	89291
7	FC11	21267	95572
7	MM27	66500	91733
7	NF30	69820	90542
7	MI21	34440	96045
7	FU14	64989	91254
7	BB13	67282	87961
7	WB20	28181	94305
8	SH2514	71669	93753
8	NF24	71530	92646
8	WB13	31392	95471
8	CW2212	42126	92105
8	SH2515	71833	93514
8	VR14	40284	92812
8	DN26	32701	93119
8	BU1031	43452	89837
8	VT27	71849	94151
8	CW2214	48657	95261
8	BU04	45041	92105
8	GC30	65295	89920
8	DL2524	70133	90097
8	VT29	67620	88562
8	DL23523	72711	93214
8	PZ29	35688	95231
8	LI04	20637	94131
8	WE2430	36033	95544
8	WS04	72930	93962
8	WE2431	36375	94791
8	WS05	72322	92913
8	BB10	67703	88764
8	VG21	69332	91873
8	CE29	72136	95494
8	CA14	64434	89345
8	FC11	21333	95576
8	MM27	66561	91769
8	NF30	69806	90553
8	MI21	34469	96074
8	FU14	65102	91283
8	BB13	67303	88008
8	WB20	28227	94331
9	SH2514	71685	93785
9	NF24	71585	92663
9	WB13	31377	95497
9	CW2212	42108	92149
9	SH2515	71883	93561
9	VR14	40279	92845
9	DN26	32708	93152
9	BU1031	43470	89873
9	VT27	71950	94212
9	CW2214	48683	95294
9	BU04	45044	92129
9	GC30	65288	89938
9	DL2524	70195	90138
9	VT29	67694	88622
9	DL23523	72773	93260
9	PZ29	35685	95268
9	LI04	20639	94154
9	WE2430	36028	95579
9	WS04	72972	93987
9	WE2431	36348	94802
9	WS05	72398	92948
9	BB10	67692	88786
9	VG21	69386	91910
9	CE29	72182	95525
9	CA14	64465	89376
9	FC11	21291	95610
9	MM27	66564	91808
9	NF30	69861	90574
9	MI21	34438	96107
9	FU14	65086	91311
9	BB13	67311	88001
9	WB20	28207	94373
10	SH2514	71861	94023
10	NF24	71760	92890
10	WB13	31515	95739
10	CW2212	42182	92379
10	SH2515	72040	93791
10	VR14	40370	93076
10	DN26	32720	93388
10	BU1031	43561	90111
10	VT27	72109	94416
10	CW2214	48681	95534
10	BU04	45139	92363
10	GC30	65475	90156
10	DL2524	70393	90352
10	VT29	67828	88814
10	DL23523	72951	93480
10	PZ29	35768	95502
10	LI04	20684	94391
10	WE2430	36126	95815
10	WS04	73190	94222
10	WE2431	36412	95044
10	WS05	72551	93178
10	BB10	67888	89016
10	VG21	69520	92143
10	CE29	72353	95771
10	CA14	64658	89581
10	FC11	21329	95845
10	MM27	66751	92025
10	NF30	70053	90812
10	MI21	34520	96346
10	FU14	65280	91549
10	BB13	67504	88242
10	WB20	28268	94593
11	SH2514	71853	93819
11	NF24	71738	92706
11	WB13	31384	95530
11	CW2212	42065	92181
11	SH2515	72011	93585
11	VR14	40247	92884
11	DN26	32657	93183
11	BU1031	43464	89914
11	VT27	72105	94220
11	CW2214	48612	95325
11	BU04	45002	92159
11	GC30	65419	89962
11	DL2524	70347	90167
11	VT29	67789	88607
11	DL23523	72930	93291
11	PZ29	35680	95307
11	LI04	20640	94189
11	WE2430	36029	95607
11	WS04	73135	94028
11	WE2431	36340	94836
11	WS05	72543	92975
11	BB10	67841	88798
11	VG21	69531	91946
11	CE29	72326	95559
11	CA14	64591	89381
11	FC11	21288	95644
11	MM27	66694	91809
11	NF30	70020	90604
11	MI21	34418	96140
11	FU14	65197	91339
11	BB13	67461	88034
11	WB20	28225	94403
12	SH2514	71669	93621
12	NF24	71560	92497
12	WB13	31344	95333
12	CW2212	42012	91994
12	SH2515	71852	93409
12	VR14	40221	92697
12	DN26	32665	93000
12	BU1031	43352	89734
12	VT27	71928	94051
12	CW2214	48501	95125
12	BU04	44936	91989
12	GC30	65305	89777
12	DL2524	70187	89978
12	VT29	67669	88436
12	DL23523	72741	93092
12	PZ29	35633	95106
12	LI04	20615	94003
12	WE2430	35983	95418
12	WS04	72968	93830
12	WE2431	36272	94651
12	WS05	72358	92793
12	BB10	67698	88621
12	VG21	69389	91757
12	CE29	72127	95363
12	CA14	64409	89184
12	FC11	21273	95453
12	MM27	66529	91626
12	NF30	69836	90420
12	MI21	34372	95936
12	FU14	65076	91141
12	BB13	67301	87876
12	WB20	28191	94203
13	SH2514	71730	93679
13	NF24	71661	92559
13	WB13	31352	95399
13	CW2212	42014	92033
13	SH2515	71903	93455
13	VR14	40192	92736
13	DN26	32618	93050
13	BU1031	43409	89779
13	VT27	71998	94092
13	CW2214	48593	95188
13	BU04	44981	92044
13	GC30	65340	89835
13	DL2524	70214	90037
13	VT29	67718	88479
13	DL23523	72785	93160
13	PZ29	35646	95171
13	LI04	20601	94056
13	WE2430	36031	95473
13	WS04	72999	93887
13	WE2431	36239	94710
13	WS05	72403	92845
13	BB10	67774	88682
13	VG21	69396	91817
13	CE29	72214	95443
13	CA14	64512	89270
13	FC11	21236	95517
13	MM27	66614	91698
13	NF30	69943	90505
13	MI21	34399	96005
13	FU14	65175	91210
13	BB13	67334	87912
13	WB20	28156	94259
14	SH2514	71630	93614
14	NF24	71619	92504
14	WB13	31331	95338
14	CW2212	41988	91978
14	SH2515	71798	93393
14	VR14	40188	92683
14	DN26	32611	92985
14	BU1031	43402	89744
14	VT27	71902	94013
14	CW2214	48559	95125
14	BU04	44963	91979
14	GC30	65286	89749
14	DL2524	70191	89962
14	VT29	67628	88409
14	DL23523	72791	93103
14	PZ29	35571	95099
14	LI04	20603	94008
14	WE2430	36004	95408
14	WS04	72988	93832
14	WE2431	36213	94637
14	WS05	72381	92784
14	BB10	67678	88636
14	VG21	69351	91757
14	CE29	72178	95376
14	CA14	64430	89194
14	FC11	21280	95459
14	MM27	66560	91637
14	NF30	69887	90437
14	MI21	34385	95941
14	FU14	65067	91139
14	BB13	67319	87856
14	WB20	28179	94199
15	SH2514	71593	93581
15	NF24	71534	92468
15	WB13	31243	95310
15	CW2212	41938	91960
15	SH2515	71793	93353
15	VR14	40071	92656
15	DN26	32674	92966
15	BU1031	43309	89705
15	VT27	71880	93982
15	CW2214	48480	95101
15	BU04	44868	91954
15	GC30	65198	89741
15	DL2524	70109	89928
15	VT29	67591	88387
15	DL23523	72661	93047
15	PZ29	35469	95083
15	LI04	20573	93967
15	WE2430	35920	95375
15	WS04	72915	93787
15	WE2431	36159	94625
15	WS05	72322	92744
15	BB10	67613	88599
15	VG21	69254	91708
15	CE29	72056	95331
15	CA14	64384	89149
15	FC11	21230	95423
15	MM27	66466	91594
15	NF30	69777	90382
15	MI21	34273	95911
15	FU14	64990	91106
15	BB13	67210	87812
15	WB20	28133	94173
16	SH2514	71677	93690
16	NF24	71632	92585
16	WB13	31328	95405
16	CW2212	42014	92042
16	SH2515	71838	93463
16	VR14	40203	92752
16	DN26	32697	93056
16	BU1031	43354	89786
16	VT27	71950	94087
16	CW2214	48533	95192
16	BU04	44944	92050
16	GC30	65292	89830
16	DL2524	70201	90027
16	VT29	67682	88491
16	DL23523	72785	93167
16	PZ29	35611	95161
16	LI04	20614	94060
16	WE2430	35955	95481
16	WS04	72984	93894
16	WE2431	36283	94724
16	WS05	72394	92841
16	BB10	67687	88684
16	VG21	69340	91811
16	CE29	72216	95437
16	CA14	64440	89248
16	FC11	21276	95505
16	MM27	66579	91695
16	NF30	69892	90486
16	MI21	34362	96002
16	FU14	65096	91204
16	BB13	67295	87907
16	WB20	28136	94256
17	SH2514	71711	93694
17	NF24	71640	92569
17	WB13	31317	95407
17	CW2212	42040	92055
17	SH2515	71941	93462
17	VR14	40197	92759
17	DN26	32563	93053
17	BU1031	43348	89788
17	VT27	72023	94082
17	CW2214	48555	95190
17	BU04	44945	92047
17	GC30	65368	89845
17	DL2524	70227	90029
17	VT29	67724	88493
17	DL23523	72803	93163
17	PZ29	35606	95174
17	LI04	20579	94064
17	WE2430	35957	95486
17	WS04	73023	93901
17	WE2431	36238	94722
17	WS05	72430	92844
17	BB10	67750	88700
17	VG21	69423	91833
17	CE29	72269	95436
17	CA14	64488	89270
17	FC11	21238	95514
17	MM27	66615	91684
17	NF30	69934	90491
17	MI21	34367	96013
17	FU14	65131	91204
17	BB13	67359	87954
17	WB20	28131	94271
18	SH2514	71758	93781
18	NF24	71676	92659
18	WB13	31362	95484
18	CW2212	42041	92135
18	SH2515	71909	93534
18	VR14	40202	92838
18	DN26	32590	93153
18	BU1031	43401	89887
18	VT27	72041	94176
18	CW2214	48609	95291
18	BU04	44972	92125
18	GC30	65344	89924
18	DL2524	70261	90103
18	VT29	67731	88575
18	DL23523	72876	93253
18	PZ29	35655	95261
18	LI04	20599	94161
18	WE2430	36016	95564
18	WS04	73082	93994
18	WE2431	36301	94803
18	WS05	72457	92933
18	BB10	67775	88760
18	VG21	69414	91897
18	CE29	72258	95516
18	CA14	64487	89352
18	FC11	21261	95609
18	MM27	66619	91781
18	NF30	69929	90563
18	MI21	34452	96097
18	FU14	65157	91309
18	BB13	67376	87996
18	WB20	28180	94346
19	SH2514	72169	94248
19	NF24	72093	93120
19	WB13	31504	95984
19	CW2212	42205	92607
19	SH2515	72365	94020
19	VR14	40385	93323
19	DN26	32731	93639
19	BU1031	43594	90340
19	VT27	72418	94656
19	CW2214	48749	95761
19	BU04	45189	92606
19	GC30	65723	90361
19	DL2524	70678	90571
19	VT29	68115	89018
19	DL23523	73285	93724
19	PZ29	35775	95742
19	LI04	20661	94627
19	WE2430	36155	96062
19	WS04	73483	94453
19	WE2431	36416	95286
19	WS05	72877	93407
19	BB10	68161	89221
19	VG21	69826	92369
19	CE29	72646	95997
19	CA14	64894	89803
19	FC11	21298	96085
19	MM27	67011	92260
19	NF30	70358	91023
19	MI21	34538	96581
19	FU14	65519	91758
19	BB13	67805	88454
19	WB20	28284	94849
20	SH2514	71867	93898
20	NF24	71759	92781
20	WB13	31422	95627
20	CW2212	42057	92241
20	SH2515	72036	93673
20	VR14	40274	92971
20	DN26	32686	93267
20	BU1031	43472	89994
20	VT27	72150	94304
20	CW2214	48585	95410
20	BU04	45050	92251
20	GC30	65480	90042
20	DL2524	70356	90242
20	VT29	67822	88678
20	DL23523	72925	93374
20	PZ29	35648	95376
20	LI04	20650	94282
20	WE2430	36071	95678
20	WS04	73147	94098
20	WE2431	36319	94920
20	WS05	72561	93059
20	BB10	67863	88885
20	VG21	69535	92018
20	CE29	72339	95644
20	CA14	64619	89460
20	FC11	21313	95733
20	MM27	66734	91916
20	NF30	70035	90691
20	MI21	34445	96221
20	FU14	65275	91424
20	BB13	67505	88112
20	WB20	28189	94463
21	SH2514	71680	93585
21	NF24	71558	92476
21	WB13	31359	95311
21	CW2212	41895	91970
21	SH2515	71894	93391
21	VR14	40121	92661
21	DN26	32618	92980
21	BU1031	43327	89723
21	VT27	71909	94004
21	CW2214	48421	95100
21	BU04	44864	91946
21	GC30	65281	89756
21	DL2524	70195	89956
21	VT29	67648	88431
21	DL23523	72739	93065
21	PZ29	35597	95075
21	LI04	20582	93972
21	WE2430	35999	95386
21	WS04	72975	93812
21	WE2431	36278	94618
21	WS05	72405	92767
21	BB10	67707	88609
21	VG21	69380	91731
21	CE29	72171	95349
21	CA14	64445	89174
21	FC11	21230	95430
21	MM27	66581	91618
21	NF30	69854	90406
21	MI21	34386	95920
21	FU14	65079	91113
21	BB13	67321	87846
21	WB20	28149	94186
22	SH2514	71622	93553
22	NF24	71572	92456
22	WB13	31364	95283
22	CW2212	41988	91932
22	SH2515	71812	93338
22	VR14	40166	92623
22	DN26	32573	92944
22	BU1031	43391	89688
22	VT27	71882	93956
22	CW2214	48368	95065
22	BU04	44978	91919
22	GC30	65228	89701
22	DL2524	70168	89919
22	VT29	67600	88368
22	DL23523	72713	93019
22	PZ29	35632	95041
22	LI04	20612	93952
22	WE2430	35962	95356
22	WS04	72942	93767
22	WE2431	36264	94600
22	WS05	72333	92720
22	BB10	67611	88563
22	VG21	69334	91680
22	CE29	72164	95302
22	CA14	64404	89145
22	FC11	21255	95391
22	MM27	66533	91566
22	NF30	69837	90369
22	MI21	34408	95881
22	FU14	65078	91110
22	BB13	67295	87796
22	WB20	28215	94144
23	SH2514	71633	93631
23	NF24	71590	92527
23	WB13	31352	95372
23	CW2212	41986	92005
23	SH2515	71787	93402
23	VR14	40163	92713
23	DN26	32542	93017
23	BU1031	43417	89778
23	VT27	71949	94032
23	CW2214	48435	95149
23	BU04	44985	92013
23	GC30	65292	89780
23	DL2524	70205	89993
23	VT29	67665	88426
23	DL23523	72762	93105
23	PZ29	35623	95113
23	LI04	20587	94022
23	WE2430	35959	95421
23	WS04	72970	93844
23	WE2431	36240	94675
23	WS05	72379	92800
23	BB10	67717	88635
23	VG21	69365	91773
23	CE29	72159	95376
23	CA14	64461	89209
23	FC11	21261	95470
23	MM27	66581	91643
23	NF30	69871	90451
23	MI21	34373	95963
23	FU14	65095	91164
23	BB13	67345	87867
23	WB20	28164	94224
24	SH2514	71751	93664
24	NF24	71624	92547
24	WB13	31373	95375
24	CW2212	42020	92031
24	SH2515	71885	93409
24	VR14	40180	92738
24	DN26	32655	93034
24	BU1031	43386	89770
24	VT27	71980	94049
24	CW2214	48407	95153
24	BU04	44976	92039
24	GC30	65346	89805
24	DL2524	70183	90003
24	VT29	67680	88435
24	DL23523	72791	93122
24	PZ29	35632	95148
24	LI04	20621	94046
24	WE2430	36023	95460
24	WS04	73041	93860
24	WE2431	36251	94691
24	WS05	72444	92813
24	BB10	67775	88674
24	VG21	69423	91804
24	CE29	72230	95396
24	CA14	64500	89239
24	FC11	21242	95494
24	MM27	66614	91660
24	NF30	69922	90470
24	MI21	34429	95984
24	FU14	65132	91181
24	BB13	67378	87881
24	WB20	28141	94240
25	SH2514	71644	93583
25	NF24	71527	92491
25	WB13	31301	95309
25	CW2212	41989	91967
25	SH2515	71809	93374
25	VR14	40168	92665
25	DN26	32618	92972
25	BU1031	43345	89723
25	VT27	71889	93974
25	CW2214	48372	95095
25	BU04	44923	91977
25	GC30	65211	89725
25	DL2524	70133	89952
25	VT29	67609	88394
25	DL23523	72682	93059
25	PZ29	35612	95079
25	LI04	20638	93972
25	WE2430	35952	95396
25	WS04	72963	93788
25	WE2431	36205	94615
25	WS05	72306	92763
25	BB10	67618	88580
25	VG21	69302	91709
25	CE29	72124	95331
25	CA14	64383	89170
25	FC11	21295	95426
25	MM27	66516	91594
25	NF30	69797	90409
25	MI21	34344	95911
25	FU14	65043	91114
25	BB13	67253	87836
25	WB20	28132	94177
26	SH2514	71689	93658
26	NF24	71595	92550
26	WB13	31346	95377
26	CW2212	42029	92039
26	SH2515	71871	93420
26	VR14	40194	92744
26	DN26	32625	93046
26	BU1031	43418	89807
26	VT27	71961	94053
26	CW2214	48443	95164
26	BU04	44993	92056
26	GC30	65328	89805
26	DL2524	70201	90012
26	VT29	67713	88458
26	DL23523	72768	93125
26	PZ29	35659	95148
26	LI04	20583	94062
26	WE2430	35993	95455
26	WS04	72972	93855
26	WE2431	36323	94708
26	WS05	72371	92817
26	BB10	67727	88649
26	VG21	69418	91799
26	CE29	72201	95403
26	CA14	64456	89224
26	FC11	21249	95499
26	MM27	66558	91659
26	NF30	69877	90456
26	MI21	34443	95984
26	FU14	65131	91181
26	BB13	67362	87906
26	WB20	28139	94269
27	SH2514	71729	93729
27	NF24	71690	92612
27	WB13	31314	95438
27	CW2212	41965	92080
27	SH2515	71924	93503
27	VR14	40124	92784
27	DN26	32594	93089
27	BU1031	43336	89822
27	VT27	72059	94136
27	CW2214	48513	95221
27	BU04	44913	92080
27	GC30	65336	89866
27	DL2524	70231	90080
27	VT29	67767	88521
27	DL23523	72813	93191
27	PZ29	35583	95208
27	LI04	20574	94100
27	WE2430	35936	95515
27	WS04	73049	93939
27	WE2431	36194	94738
27	WS05	72460	92885
27	BB10	67732	88709
27	VG21	69469	91873
27	CE29	72227	95478
27	CA14	64497	89293
27	FC11	21222	95547
27	MM27	66634	91734
27	NF30	69935	90521
27	MI21	34362	96037
27	FU14	65179	91265
27	BB13	67356	87955
27	WB20	28110	94301
28	SH2514	72041	94140
28	NF24	71966	93015
28	WB13	31531	95854
28	CW2212	42245	92485
28	SH2515	72238	93912
28	VR14	40414	93196
28	DN26	32850	93503
28	BU1031	43622	90215
28	VT27	72349	94544
28	CW2214	48773	95631
28	BU04	45206	92474
28	GC30	65662	90272
28	DL2524	70546	90483
28	VT29	68027	88931
28	DL23523	73148	93609
28	PZ29	35819	95609
28	LI04	20713	94511
28	WE2430	36162	95925
28	WS04	73361	94351
28	WE2431	36452	95159
28	WS05	72781	93300
28	BB10	68070	89116
28	VG21	69737	92263
28	CE29	72549	95893
28	CA14	64795	89682
28	FC11	21379	95968
28	MM27	66947	92147
28	NF30	70257	90932
28	MI21	34570	96454
28	FU14	65440	91651
28	BB13	67687	88345
28	WB20	28319	94707
29	SH2514	71931	93933
29	NF24	71866	92818
29	WB13	31456	95642
29	CW2212	42073	92299
29	SH2515	72124	93698
29	VR14	40250	93005
29	DN26	32620	93299
29	BU1031	43425	90026
29	VT27	72218	94343
29	CW2214	48542	95437
29	BU04	45005	92275
29	GC30	65488	90072
29	DL2524	70461	90261
29	VT29	67893	88720
29	DL23523	73017	93404
29	PZ29	35706	95422
29	LI04	20627	94323
29	WE2430	36047	95726
29	WS04	73261	94132
29	WE2431	36338	94958
29	WS05	72640	93089
29	BB10	67936	88928
29	VG21	69629	92061
29	CE29	72398	95685
29	CA14	64641	89495
29	FC11	21263	95763
29	MM27	66808	91945
29	NF30	70135	90712
29	MI21	34399	96253
29	FU14	65310	91457
29	BB13	67529	88136
29	WB20	28196	94505
30	SH2514	71800	93741
30	NF24	71722	92617
30	WB13	31371	95460
30	CW2212	42050	92111
30	SH2515	71999	93508
30	VR14	40202	92824
30	DN26	32685	93114
30	BU1031	43372	89866
30	VT27	72032	94139
30	CW2214	48401	95242
30	BU04	44940	92113
30	GC30	65410	89882
30	DL2524	70332	90091
30	VT29	67762	88546
30	DL23523	72877	93221
30	PZ29	35609	95233
30	LI04	20580	94125
30	WE2430	35912	95536
30	WS04	73104	93952
30	WE2431	36241	94775
30	WS05	72504	92900
30	BB10	67799	88746
30	VG21	69482	91879
30	CE29	72308	95486
30	CA14	64545	89305
30	FC11	21255	95577
30	MM27	66703	91750
30	NF30	69994	90550
30	MI21	34377	96058
30	FU14	65165	91254
30	BB13	67425	87980
30	WB20	28156	94324
31	SH2514	71701	93639
31	NF24	71631	92526
31	WB13	31443	95369
31	CW2212	42053	92023
31	SH2515	71882	93398
31	VR14	40221	92722
31	DN26	32576	93028
31	BU1031	43367	89769
31	VT27	71932	94029
31	CW2214	48421	95140
31	BU04	44972	92012
31	GC30	65284	89771
31	DL2524	70204	89980
31	VT29	67667	88431
31	DL23523	72776	93110
31	PZ29	35651	95126
31	LI04	20638	94031
31	WE2430	36028	95436
31	WS04	73004	93845
31	WE2431	36303	94677
31	WS05	72404	92792
31	BB10	67711	88643
31	VG21	69403	91767
31	CE29	72143	95377
31	CA14	64445	89196
31	FC11	21301	95481
31	MM27	66576	91632
31	NF30	69937	90457
31	MI21	34356	95961
31	FU14	65097	91152
31	BB13	67322	87873
31	WB20	28178	94227
32	SH2514	71691	93611
32	NF24	71643	92510
32	WB13	31367	95338
32	CW2212	42007	91995
32	SH2515	71899	93382
32	VR14	40089	92706
32	DN26	32516	92999
32	BU1031	43351	89742
32	VT27	71976	94020
32	CW2214	48351	95125
32	BU04	44939	92006
32	GC30	65316	89761
32	DL2524	70185	89979
32	VT29	67631	88411
32	DL23523	72768	93085
32	PZ29	35595	95097
32	LI04	20589	94007
32	WE2430	35982	95414
32	WS04	72992	93825
32	WE2431	36251	94656
32	WS05	72388	92773
32	BB10	67718	88627
32	VG21	69400	91743
32	CE29	72219	95363
32	CA14	64464	89200
32	FC11	21240	95459
32	MM27	66593	91623
32	NF30	69926	90450
32	MI21	34375	95944
32	FU14	65161	91135
32	BB13	67336	87852
32	WB20	28139	94208
33	SH2514	71715	93607
33	NF24	71613	92497
33	WB13	31399	95331
33	CW2212	42057	92002
33	SH2515	71872	93382
33	VR14	40176	92691
33	DN26	32531	92996
33	BU1031	43350	89722
33	VT27	71906	94008
33	CW2214	48371	95113
33	BU04	44928	91994
33	GC30	65262	89747
33	DL2524	70133	89965
33	VT29	67630	88407
33	DL23523	72728	93082
33	PZ29	35590	95094
33	LI04	20599	93990
33	WE2430	35981	95404
33	WS04	72940	93808
33	WE2431	36239	94642
33	WS05	72342	92761
33	BB10	67647	88628
33	VG21	69349	91729
33	CE29	72202	95357
33	CA14	64437	89186
33	FC11	21249	95432
33	MM27	66589	91614
33	NF30	69907	90428
33	MI21	34367	95934
33	FU14	65098	91138
33	BB13	67302	87845
33	WB20	28156	94205
34	SH2514	71580	93524
34	NF24	71460	92391
34	WB13	31404	95252
34	CW2212	41991	91887
34	SH2515	71763	93297
34	VR14	40210	92611
34	DN26	32530	92904
34	BU1031	43380	89649
34	VT27	71767	93904
34	CW2214	48289	95020
34	BU04	44944	91903
34	GC30	65193	89670
34	DL2524	70045	89867
34	VT29	67498	88327
34	DL23523	72600	92980
34	PZ29	35626	95007
34	LI04	20565	93891
34	WE2430	35921	95304
34	WS04	72814	93715
34	WE2431	36240	94565
34	WS05	72241	92669
34	BB10	67560	88530
34	VG21	69262	91652
34	CE29	72045	95251
34	CA14	64378	89107
34	FC11	21234	95347
34	MM27	66452	91533
34	NF30	69755	90324
34	MI21	34378	95826
34	FU14	64996	91046
34	BB13	67237	87778
34	WB20	28177	94098
35	SH2514	71793	93726
35	NF24	71776	92608
35	WB13	31330	95434
35	CW2212	42004	92092
35	SH2515	72013	93495
35	VR14	40130	92801
35	DN26	32664	93115
35	BU1031	43308	89850
35	VT27	72042	94117
35	CW2214	48436	95239
35	BU04	44909	92089
35	GC30	65400	89869
35	DL2524	70299	90076
35	VT29	67749	88520
35	DL23523	72886	93208
35	PZ29	35592	95208
35	LI04	20599	94113
35	WE2430	35913	95521
35	WS04	73100	93939
35	WE2431	36210	94762
35	WS05	72515	92886
35	BB10	67833	88725
35	VG21	69509	91848
35	CE29	72280	95469
35	CA14	64546	89305
35	FC11	21256	95567
35	MM27	66676	91732
35	NF30	70044	90530
35	MI21	34395	96057
35	FU14	65228	91244
35	BB13	67492	87970
35	WB20	28177	94324
36	SH2514	72205	94245
36	NF24	72099	93127
36	WB13	31547	95974
36	CW2212	42284	92607
36	SH2515	72378	94024
36	VR14	40419	93322
36	DN26	32836	93627
36	BU1031	43646	90331
36	VT27	72418	94652
36	CW2214	48761	95760
36	BU04	45246	92604
36	GC30	65742	90371
36	DL2524	70669	90566
36	VT29	68107	89025
36	DL23523	73272	93721
36	PZ29	35829	95737
36	LI04	20721	94640
36	WE2430	36212	96050
36	WS04	73510	94456
36	WE2431	36497	95281
36	WS05	72898	93403
36	BB10	68180	89222
36	VG21	69857	92366
36	CE29	72670	96000
36	CA14	64892	89790
36	FC11	21386	96090
36	MM27	67032	92243
36	NF30	70367	91038
36	MI21	34608	96590
36	FU14	65561	91769
36	BB13	67825	88449
36	WB20	28336	94836
37	SH2514	71769	93814
37	NF24	71736	92696
37	WB13	31424	95534
37	CW2212	42086	92171
37	SH2515	71943	93583
37	VR14	40243	92886
37	DN26	32740	93191
37	BU1031	43388	89902
37	VT27	72041	94214
37	CW2214	48506	95310
37	BU04	44992	92191
37	GC30	65377	89939
37	DL2524	70307	90167
37	VT29	67767	88612
37	DL23523	72861	93280
37	PZ29	35616	95304
37	LI04	20616	94199
37	WE2430	36033	95605
37	WS04	73107	94019
37	WE2431	36288	94835
37	WS05	72506	92973
37	BB10	67808	88812
37	VG21	69468	91954
37	CE29	72282	95556
37	CA14	64569	89379
37	FC11	21279	95636
37	MM27	66661	91822
37	NF30	69980	90588
37	MI21	34440	96133
37	FU14	65191	91337
37	BB13	67407	88040
37	WB20	28209	94391
38	SH2514	71662	93607
38	NF24	71604	92505
38	WB13	31344	95324
38	CW2212	42026	91988
38	SH2515	71890	93388
38	VR14	40166	92674
38	DN26	32723	92984
38	BU1031	43394	89721
38	VT27	71989	94007
38	CW2214	48413	95116
38	BU04	44989	91980
38	GC30	65327	89750
38	DL2524	70203	89967
38	VT29	67697	88442
38	DL23523	72770	93089
38	PZ29	35610	95090
38	LI04	20586	93989
38	WE2430	36081	95409
38	WS04	72972	93807
38	WE2431	36277	94645
38	WS05	72375	92772
38	BB10	67704	88620
38	VG21	69376	91736
38	CE29	72178	95353
38	CA14	64474	89195
38	FC11	21252	95456
38	MM27	66584	91620
38	NF30	69886	90427
38	MI21	34397	95933
38	FU14	65098	91128
38	BB13	67329	87837
38	WB20	28177	94203
39	SH2514	71722	93673
39	NF24	71652	92560
39	WB13	31362	95411
39	CW2212	42028	92059
39	SH2515	71914	93450
39	VR14	40251	92772
39	DN26	32751	93074
39	BU1031	43408	89803
39	VT27	71975	94075
39	CW2214	48460	95202
39	BU04	44996	92067
39	GC30	65329	89825
39	DL2524	70231	90019
39	VT29	67683	88471
39	DL23523	72824	93155
39	PZ29	35693	95177
39	LI04	20644	94068
39	WE2430	36073	95496
39	WS04	72995	93882
39	WE2431	36299	94730
39	WS05	72416	92837
39	BB10	67738	88689
39	VG21	69431	91815
39	CE29	72225	95435
39	CA14	64474	89256
39	FC11	21273	95526
39	MM27	66592	91688
39	NF30	69943	90478
39	MI21	34478	96013
39	FU14	65129	91224
39	BB13	67401	87906
39	WB20	28208	94281
40	SH2514	71714	93690
40	NF24	71637	92577
40	WB13	31336	95410
40	CW2212	42057	92048
40	SH2515	71885	93458
40	VR14	40180	92748
40	DN26	32747	93054
40	BU1031	43406	89800
40	VT27	71979	94088
40	CW2214	48617	95198
40	BU04	44982	92047
40	GC30	65299	89842
40	DL2524	70201	90032
40	VT29	67672	88509
40	DL23523	72766	93153
40	PZ29	35614	95178
40	LI04	20615	94074
40	WE2430	36140	95498
40	WS04	72949	93899
40	WE2431	36345	94731
40	WS05	72369	92846
40	BB10	67707	88683
40	VG21	69381	91818
40	CE29	72165	95435
40	CA14	64469	89276
40	FC11	21284	95535
40	MM27	66598	91707
40	NF30	69919	90502
40	MI21	34456	96020
40	FU14	65114	91218
40	BB13	67327	87926
40	WB20	28196	94275
41	SH2514	71637	93578
41	NF24	71574	92461
41	WB13	31272	95289
41	CW2212	41952	91928
41	SH2515	71831	93355
41	VR14	40117	92642
41	DN26	32704	92935
41	BU1031	43304	89686
41	VT27	71847	93975
41	CW2214	48486	95082
41	BU04	44868	91927
41	GC30	65237	89723
41	DL2524	70139	89938
41	VT29	67566	88378
41	DL23523	72701	93039
41	PZ29	35546	95058
41	LI04	20575	93954
41	WE2430	36026	95362
41	WS04	72882	93768
41	WE2431	36180	94610
41	WS05	72293	92734
41	BB10	67651	88579
41	VG21	69307	91700
41	CE29	72129	95325
41	CA14	64388	89139
41	FC11	21236	95413
41	MM27	66510	91583
41	NF30	69831	90375
41	MI21	34387	95889
41	FU14	65059	91098
41	BB13	67281	87828
41	WB20	28143	94157
42	SH2514	71602	93545
42	NF24	71523	92436
42	WB13	31362	95276
42	CW2212	41976	91900
42	SH2515	71794	93314
42	VR14	40074	92618
42	DN26	32581	92924
42	BU1031	43233	89660
42	VT27	71853	93952
42	CW2214	48454	95056
42	BU04	44809	91918
42	GC30	65208	89691
42	DL2524	70135	89886
42	VT29	67544	88357
42	DL23523	72685	93014
42	PZ29	35577	95029
42	LI04	20558	93918
42	WE2430	35898	95339
42	WS04	72892	93742
42	WE2431	36189	94576
42	WS05	72293	92704
42	BB10	67639	88553
42	VG21	69304	91676
42	CE29	72066	95280
42	CA14	64414	89145
42	FC11	21234	95364
42	MM27	66493	91559
42	NF30	69798	90366
42	MI21	34330	95860
42	FU14	65024	91073
42	BB13	67247	87776
42	WB20	28078	94126
43	SH2514	71687	93687
43	NF24	71652	92562
43	WB13	31368	95389
43	CW2212	41993	92039
43	SH2515	71889	93455
43	VR14	40192	92751
43	DN26	32625	93063
43	BU1031	43350	89789
43	VT27	72004	94067
43	CW2214	48438	95178
43	BU04	44891	92033
43	GC30	65329	89811
43	DL2524	70265	90024
43	VT29	67694	88481
43	DL23523	72818	93135
43	PZ29	35611	95157
43	LI04	20589	94050
43	WE2430	35985	95463
43	WS04	73004	93890
43	WE2431	36180	94711
43	WS05	72412	92824
43	BB10	67706	88654
43	VG21	69419	91807
43	CE29	72220	95412
43	CA14	64499	89244
43	FC11	21241	95498
43	MM27	66614	91675
43	NF30	69919	90468
43	MI21	34375	95987
43	FU14	65168	91199
43	BB13	67358	87917
43	WB20	28118	94248
44	SH2514	72414	94611
44	NF24	72339	93482
44	WB13	31686	96344
44	CW2212	42418	92954
44	SH2515	72601	94381
44	VR14	40584	93669
44	DN26	32945	93978
44	BU1031	43804	90682
44	VT27	72686	95015
44	CW2214	48981	96130
44	BU04	45391	92953
44	GC30	65957	90716
44	DL2524	70896	90922
44	VT29	68352	89360
44	DL23523	73497	94074
44	PZ29	35970	96106
44	LI04	20810	94993
44	WE2430	36354	96421
44	WS04	73714	94819
44	WE2431	36642	95647
44	WS05	73117	93760
44	BB10	68383	89560
44	VG21	70081	92719
44	CE29	72900	96371
44	CA14	65106	90139
44	FC11	21469	96456
44	MM27	67248	92597
44	NF30	70591	91377
44	MI21	34724	96950
44	FU14	65761	92113
44	BB13	68005	88785
44	WB20	28451	95197
45	SH2514	71778	93805
45	NF24	71735	92677
45	WB13	31350	95509
45	CW2212	41993	92142
45	SH2515	71934	93569
45	VR14	40177	92851
45	DN26	32587	93157
45	BU1031	43404	89887
45	VT27	72087	94204
45	CW2214	48575	95310
45	BU04	44959	92154
45	GC30	65403	89948
45	DL2524	70341	90146
45	VT29	67774	88601
45	DL23523	72882	93277
45	PZ29	35615	95276
45	LI04	20583	94162
45	WE2430	35968	95576
45	WS04	73110	94007
45	WE2431	36242	94819
45	WS05	72498	92948
45	BB10	67809	88789
45	VG21	69462	91929
45	CE29	72267	95544
45	CA14	64548	89372
45	FC11	21269	95614
45	MM27	66676	91808
45	NF30	69996	90601
45	MI21	34364	96110
45	FU14	65233	91335
45	BB13	67428	88014
45	WB20	28193	94388
46	SH2514	71602	93521
46	NF24	71545	92412
46	WB13	31354	95249
46	CW2212	41951	91893
46	SH2515	71815	93307
46	VR14	40168	92596
46	DN26	32603	92905
46	BU1031	43326	89635
46	VT27	71897	93926
46	CW2214	48505	95035
46	BU04	44916	91888
46	GC30	65247	89679
46	DL2524	70152	89882
46	VT29	67593	88326
46	DL23523	72711	93016
46	PZ29	35610	95007
46	LI04	20558	93911
46	WE2430	36024	95335
46	WS04	72926	93741
46	WE2431	36234	94541
46	WS05	72324	92683
46	BB10	67671	88547
46	VG21	69308	91659
46	CE29	72086	95264
46	CA14	64386	89123
46	FC11	21215	95351
46	MM27	66474	91531
46	NF30	69823	90328
46	MI21	34355	95843
46	FU14	65048	91049
46	BB13	67269	87785
46	WB20	28135	94113
47	SH2514	71694	93688
47	NF24	71600	92587
47	WB13	31446	95415
47	CW2212	42018	92050
47	SH2515	71889	93467
47	VR14	40219	92760
47	DN26	32665	93055
47	BU1031	43376	89790
47	VT27	72033	94097
47	CW2214	48601	95197
47	BU04	44985	92053
47	GC30	65306	89833
47	DL2524	70213	90036
47	VT29	67714	88498
47	DL23523	72792	93165
47	PZ29	35660	95176
47	LI04	20626	94070
47	WE2430	36029	95497
47	WS04	73003	93908
47	WE2431	36334	94725
47	WS05	72414	92852
47	BB10	67726	88693
47	VG21	69372	91813
47	CE29	72196	95443
47	CA14	64470	89270
47	FC11	21287	95527
47	MM27	66546	91690
47	NF30	69847	90489
47	MI21	34420	96020
47	FU14	65109	91225
47	BB13	67333	87935
47	WB20	28202	94270
48	SH2514	71649	93629
48	NF24	71554	92503
48	WB13	31409	95357
48	CW2212	41955	91988
48	SH2515	71825	93399
48	VR14	40209	92693
48	DN26	32647	92994
48	BU1031	43360	89729
48	VT27	71926	94031
48	CW2214	48537	95137
48	BU04	44925	91991
48	GC30	65288	89781
48	DL2524	70179	89991
48	VT29	67662	88439
48	DL23523	72733	93111
48	PZ29	35638	95113
48	LI04	20638	94009
48	WE2430	36002	95416
48	WS04	72972	93843
48	WE2431	36316	94647
48	WS05	72365	92794
48	BB10	67688	88654
48	VG21	69351	91762
48	CE29	72132	95381
48	CA14	64388	89190
48	FC11	21299	95460
48	MM27	66504	91637
48	NF30	69819	90420
48	MI21	34409	95948
48	FU14	65072	91161
48	BB13	67294	87849
48	WB20	28193	94216
49	SH2514	71697	93587
49	NF24	71587	92486
49	WB13	31367	95326
49	CW2212	41980	91969
49	SH2515	71870	93376
49	VR14	40138	92670
49	DN26	32609	92954
49	BU1031	43380	89715
49	VT27	71934	93990
49	CW2214	48458	95100
49	BU04	44941	91960
49	GC30	65290	89724
49	DL2524	70122	89953
49	VT29	67672	88383
49	DL23523	72680	93060
49	PZ29	35593	95075
49	LI04	20595	93984
49	WE2430	35930	95385
49	WS04	72925	93797
49	WE2431	36293	94627
49	WS05	72371	92745
49	BB10	67708	88593
49	VG21	69313	91724
49	CE29	72137	95340
49	CA14	64398	89163
49	FC11	21240	95429
49	MM27	66562	91599
49	NF30	69898	90405
49	MI21	34362	95914
49	FU14	65114	91117
49	BB13	67334	87847
49	WB20	28155	94183
50	SH2514	71633	93576
50	NF24	71579	92477
50	WB13	31322	95318
50	CW2212	41970	91958
50	SH2515	71783	93344
50	VR14	40098	92680
50	DN26	32594	92974
50	BU1031	43303	89712
50	VT27	71912	93977
50	CW2214	48294	95079
50	BU04	44872	91976
50	GC30	65248	89733
50	DL2524	70123	89938
50	VT29	67641	88385
50	DL23523	72698	93060
50	PZ29	35582	95068
50	LI04	20595	93971
50	WE2430	35882	95383
50	WS04	72893	93780
50	WE2431	36296	94628
50	WS05	72331	92743
50	BB10	67654	88591
50	VG21	69319	91728
50	CE29	72105	95322
50	CA14	64402	89157
50	FC11	21223	95419
50	MM27	66500	91593
50	NF30	69825	90379
50	MI21	34332	95893
50	FU14	65069	91129
50	BB13	67253	87815
50	WB20	28155	94166
51	SH2514	71831	93855
51	NF24	71757	92739
51	WB13	31386	95576
51	CW2212	42050	92217
51	SH2515	72027	93620
51	VR14	40217	92923
51	DN26	32665	93243
51	BU1031	43417	89960
51	VT27	72128	94270
51	CW2214	48554	95360
51	BU04	44976	92216
51	GC30	65450	90011
51	DL2524	70321	90198
51	VT29	67815	88653
51	DL23523	72895	93327
51	PZ29	35666	95346
51	LI04	20653	94233
51	WE2430	35970	95652
51	WS04	73126	94061
51	WE2431	36387	94883
51	WS05	72562	93021
51	BB10	67837	88826
51	VG21	69511	91988
51	CE29	72295	95599
51	CA14	64600	89419
51	FC11	21295	95696
51	MM27	66704	91861
51	NF30	70065	90667
51	MI21	34413	96181
51	FU14	65233	91382
51	BB13	67486	88072
51	WB20	28209	94436
52	SH2514	72445	94651
52	NF24	72367	93524
52	WB13	31694	96386
52	CW2212	42450	92995
52	SH2515	72633	94421
52	VR14	40608	93709
52	DN26	32958	94020
52	BU1031	43828	90717
52	VT27	72710	95054
52	CW2214	49002	96171
52	BU04	45419	92993
52	GC30	65988	90756
52	DL2524	70933	90961
52	VT29	68383	89400
52	DL23523	73532	94116
52	PZ29	35990	96148
52	LI04	20818	95033
52	WE2430	36365	96461
52	WS04	73751	94859
52	WE2431	36649	95689
52	WS05	73154	93801
52	BB10	68423	89601
52	VG21	70109	92761
52	CE29	72933	96412
52	CA14	65134	90179
52	FC11	21481	96499
52	MM27	67273	92637
52	NF30	70620	91419
52	MI21	34749	96994
52	FU14	65789	92152
52	BB13	68041	88824
52	WB20	28460	95237
53	SH2514	71821	93839
53	NF24	71771	92723
53	WB13	31409	95547
53	CW2212	42046	92175
53	SH2515	72034	93614
53	VR14	40229	92891
53	DN26	32672	93201
53	BU1031	43414	89920
53	VT27	72128	94243
53	CW2214	48557	95341
53	BU04	45017	92187
53	GC30	65447	89979
53	DL2524	70324	90178
53	VT29	67859	88646
53	DL23523	72887	93298
53	PZ29	35686	95312
53	LI04	20616	94204
53	WE2430	36010	95606
53	WS04	73126	94042
53	WE2431	36275	94845
53	WS05	72549	93000
53	BB10	67876	88820
53	VG21	69514	91971
53	CE29	72299	95576
53	CA14	64593	89401
53	FC11	21266	95657
53	MM27	66694	91838
53	NF30	70035	90632
53	MI21	34423	96144
53	FU14	65237	91370
53	BB13	67514	88061
53	WB20	28155	94397
54	SH2514	71653	93607
54	NF24	71581	92486
54	WB13	31383	95319
54	CW2212	42014	91976
54	SH2515	71827	93375
54	VR14	40207	92674
54	DN26	32602	92978
54	BU1031	43348	89710
54	VT27	71915	94009
54	CW2214	48468	95125
54	BU04	44910	91953
54	GC30	65279	89764
54	DL2524	70176	89954
54	VT29	67647	88424
54	DL23523	72714	93081
54	PZ29	35622	95083
54	LI04	20592	93994
54	WE2430	36007	95398
54	WS04	72929	93818
54	WE2431	36317	94646
54	WS05	72397	92762
54	BB10	67674	88617
54	VG21	69308	91739
54	CE29	72133	95346
54	CA14	64427	89203
54	FC11	21271	95444
54	MM27	66529	91623
54	NF30	69864	90436
54	MI21	34397	95926
54	FU14	65090	91153
54	BB13	67287	87858
54	WB20	28146	94177
55	SH2514	71763	93721
55	NF24	71681	92597
55	WB13	31433	95438
55	CW2212	42107	92066
55	SH2515	71941	93484
55	VR14	40260	92778
55	DN26	32766	93092
55	BU1031	43443	89819
55	VT27	72041	94112
55	CW2214	48557	95227
55	BU04	45024	92068
55	GC30	65372	89859
55	DL2524	70259	90063
55	VT29	67772	88524
55	DL23523	72830	93193
55	PZ29	35689	95203
55	LI04	20619	94087
55	WE2430	36135	95510
55	WS04	73069	93921
55	WE2431	36320	94747
55	WS05	72397	92868
55	BB10	67793	88720
55	VG21	69486	91853
55	CE29	72243	95462
55	CA14	64522	89292
55	FC11	21308	95547
55	MM27	66636	91721
55	NF30	69902	90513
55	MI21	34424	96032
55	FU14	65213	91240
55	BB13	67383	87940
55	WB20	28213	94295
56	SH2514	71645	93598
56	NF24	71594	92495
56	WB13	31351	95320
56	CW2212	42063	91947
56	SH2515	71831	93364
56	VR14	40182	92667
56	DN26	32743	92977
56	BU1031	43391	89704
56	VT27	71927	93990
56	CW2214	48498	95104
56	BU04	44960	91954
56	GC30	65246	89746
56	DL2524	70130	89937
56	VT29	67632	88393
56	DL23523	72709	93069
56	PZ29	35613	95087
56	LI04	20601	93986
56	WE2430	36020	95393
56	WS04	72909	93807
56	WE2431	36158	94621
56	WS05	72320	92754
56	BB10	67669	88594
56	VG21	69349	91712
56	CE29	72110	95342
56	CA14	64418	89196
56	FC11	21259	95440
56	MM27	66545	91593
56	NF30	69866	90405
56	MI21	34398	95930
56	FU14	65034	91114
56	BB13	67296	87845
56	WB20	28127	94179
57	SH2514	71682	93588
57	NF24	71553	92467
57	WB13	31380	95303
57	CW2212	42025	91932
57	SH2515	71818	93358
57	VR14	40167	92656
57	DN26	32611	92962
57	BU1031	43336	89702
57	VT27	71940	93981
57	CW2214	48518	95099
57	BU04	44938	91961
57	GC30	65243	89724
57	DL2524	70175	89929
57	VT29	67649	88401
57	DL23523	72755	93062
57	PZ29	35586	95063
57	LI04	20565	93970
57	WE2430	36016	95386
57	WS04	72928	93787
57	WE2431	36266	94631
57	WS05	72354	92742
57	BB10	67680	88604
57	VG21	69318	91714
57	CE29	72118	95328
57	CA14	64403	89147
57	FC11	21238	95419
57	MM27	66532	91584
57	NF30	69839	90385
57	MI21	34382	95916
57	FU14	65074	91119
57	BB13	67323	87824
57	WB20	28136	94158
58	SH2514	71797	93741
58	NF24	71734	92620
58	WB13	31409	95455
58	CW2212	42068	92097
58	SH2515	71972	93521
58	VR14	40250	92794
58	DN26	32632	93120
58	BU1031	43434	89822
58	VT27	72072	94137
58	CW2214	48595	95246
58	BU04	45001	92084
58	GC30	65394	89878
58	DL2524	70286	90080
58	VT29	67797	88528
58	DL23523	72834	93206
58	PZ29	35644	95225
58	LI04	20620	94108
58	WE2430	36050	95530
58	WS04	73083	93943
58	WE2431	36333	94763
58	WS05	72532	92916
58	BB10	67793	88743
58	VG21	69450	91858
58	CE29	72277	95473
58	CA14	64544	89315
58	FC11	21274	95561
58	MM27	66653	91741
58	NF30	69983	90536
58	MI21	34439	96055
58	FU14	65197	91262
58	BB13	67469	87990
58	WB20	28190	94304
59	SH2514	72141	94229
59	NF24	72053	93096
59	WB13	31572	95962
59	CW2212	42239	92584
59	SH2515	72328	93994
59	VR14	40413	93289
59	DN26	32803	93594
59	BU1031	43605	90303
59	VT27	72411	94624
59	CW2214	48805	95734
59	BU04	45185	92573
59	GC30	65698	90336
59	DL2524	70639	90553
59	VT29	68093	89005
59	DL23523	73221	93689
59	PZ29	35819	95714
59	LI04	20726	94609
59	WE2430	36227	96030
59	WS04	73439	94432
59	WE2431	36466	95261
59	WS05	72843	93376
59	BB10	68135	89202
59	VG21	69824	92343
59	CE29	72627	95976
59	CA14	64837	89760
59	FC11	21371	96064
59	MM27	67001	92217
59	NF30	70335	91007
59	MI21	34577	96555
59	FU14	65512	91740
59	BB13	67772	88439
59	WB20	28338	94810
60	SH2514	71898	93943
60	NF24	71785	92826
60	WB13	31403	95651
60	CW2212	42097	92306
60	SH2515	72083	93722
60	VR14	40268	92995
60	DN26	32634	93309
60	BU1031	43489	90044
60	VT27	72130	94340
60	CW2214	48600	95445
60	BU04	45072	92302
60	GC30	65464	90062
60	DL2524	70369	90275
60	VT29	67850	88744
60	DL23523	72941	93418
60	PZ29	35670	95428
60	LI04	20607	94323
60	WE2430	36025	95728
60	WS04	73196	94159
60	WE2431	36302	94957
60	WS05	72583	93104
60	BB10	67893	88925
60	VG21	69571	92069
60	CE29	72357	95688
60	CA14	64622	89514
60	FC11	21260	95762
60	MM27	66760	91965
60	NF30	70045	90724
60	MI21	34421	96259
60	FU14	65290	91463
60	BB13	67535	88160
60	WB20	28185	94518
61	SH2514	71688	93637
61	NF24	71575	92528
61	WB13	31295	95350
61	CW2212	41969	92008
61	SH2515	71865	93409
61	VR14	40215	92715
61	DN26	32536	93005
61	BU1031	43320	89744
61	VT27	71917	94040
61	CW2214	48492	95152
61	BU04	44908	91987
61	GC30	65244	89793
61	DL2524	70138	89979
61	VT29	67652	88450
61	DL23523	72728	93114
61	PZ29	35538	95108
61	LI04	20550	94013
61	WE2430	35906	95426
61	WS04	72927	93837
61	WE2431	36229	94659
61	WS05	72394	92796
61	BB10	67653	88634
61	VG21	69342	91763
61	CE29	72137	95382
61	CA14	64442	89208
61	FC11	21225	95457
61	MM27	66533	91639
61	NF30	69781	90424
61	MI21	34344	95956
61	FU14	65044	91166
61	BB13	67306	87884
61	WB20	28145	94222
62	SH2514	71587	93528
62	NF24	71468	92416
62	WB13	31303	95239
62	CW2212	41902	91891
62	SH2515	71757	93290
62	VR14	40192	92572
62	DN26	32553	92905
62	BU1031	43315	89624
62	VT27	71797	93908
62	CW2214	48483	95015
62	BU04	44867	91864
62	GC30	65183	89674
62	DL2524	70039	89879
62	VT29	67525	88334
62	DL23523	72609	92989
62	PZ29	35625	95002
62	LI04	20603	93891
62	WE2430	35912	95328
62	WS04	72809	93728
62	WE2431	36304	94544
62	WS05	72208	92693
62	BB10	67544	88546
62	VG21	69244	91656
62	CE29	72038	95271
62	CA14	64341	89082
62	FC11	21297	95349
62	MM27	66454	91513
62	NF30	69727	90336
62	MI21	34434	95834
62	FU14	64992	91055
62	BB13	67177	87737
62	WB20	28181	94088
63	SH2514	71712	93650
63	NF24	71654	92537
63	WB13	31347	95363
63	CW2212	42006	91990
63	SH2515	71922	93422
63	VR14	40201	92701
63	DN26	32607	93017
63	BU1031	43422	89746
63	VT27	71982	94037
63	CW2214	48582	95157
63	BU04	44976	91984
63	GC30	65312	89792
63	DL2524	70166	89985
63	VT29	67717	88450
63	DL23523	72745	93134
63	PZ29	35663	95127
63	LI04	20603	94024
63	WE2430	36019	95436
63	WS04	72954	93846
63	WE2431	36334	94673
63	WS05	72374	92806
63	BB10	67746	88647
63	VG21	69394	91767
63	CE29	72169	95384
63	CA14	64476	89210
63	FC11	21258	95482
63	MM27	66584	91637
63	NF30	69938	90452
63	MI21	34426	95959
63	FU14	65133	91177
63	BB13	67368	87864
63	WB20	28200	94236
64	SH2514	71658	93646
64	NF24	71603	92526
64	WB13	31350	95350
64	CW2212	41966	91987
64	SH2515	71850	93404
64	VR14	40137	92706
64	DN26	32617	93007
64	BU1031	43354	89740
64	VT27	71952	94035
64	CW2214	48527	95139
64	BU04	44956	91978
64	GC30	65299	89792
64	DL2524	70158	89988
64	VT29	67680	88438
64	DL23523	72718	93102
64	PZ29	35587	95120
64	LI04	20621	94013
64	WE2430	36020	95425
64	WS04	72934	93852
64	WE2431	36285	94660
64	WS05	72328	92810
64	BB10	67678	88635
64	VG21	69357	91773
64	CE29	72124	95379
64	CA14	64492	89229
64	FC11	21267	95461
64	MM27	66555	91629
64	NF30	69822	90446
64	MI21	34416	95957
64	FU14	65099	91155
64	BB13	67318	87886
64	WB20	28135	94212
65	SH2514	71805	93768
65	NF24	71713	92639
65	WB13	31408	95472
65	CW2212	42104	92115
65	SH2515	71984	93534
65	VR14	40275	92828
65	DN26	32643	93130
65	BU1031	43486	89859
65	VT27	72053	94169
65	CW2214	48652	95269
65	BU04	45049	92104
65	GC30	65415	89903
65	DL2524	70316	90098
65	VT29	67773	88566
65	DL23523	72889	93222
65	PZ29	35682	95247
65	LI04	20633	94137
65	WE2430	36085	95555
65	WS04	73104	93965
65	WE2431	36335	94784
65	WS05	72514	92927
65	BB10	67856	88764
65	VG21	69483	91897
65	CE29	72296	95501
65	CA14	64566	89324
65	FC11	21293	95586
65	MM27	66679	91773
65	NF30	70028	90551
65	MI21	34458	96077
65	FU14	65205	91286
65	BB13	67478	87993
65	WB20	28225	94339
66	SH2514	72283	94407
66	NF24	72195	93278
66	WB13	31620	96130
66	CW2212	42357	92750
66	SH2515	72452	94170
66	VR14	40521	93455
66	DN26	32890	93775
66	BU1031	43731	90483
66	VT27	72544	94809
66	CW2214	48905	95917
66	BU04	45319	92739
66	GC30	65833	90520
66	DL2524	70766	90716
66	VT29	68223	89165
66	DL23523	73362	93872
66	PZ29	35910	95894
66	LI04	20760	94774
66	WE2430	36299	96201
66	WS04	73572	94610
66	WE2431	36572	95432
66	WS05	72979	93551
66	BB10	68276	89375
66	VG21	69941	92520
66	CE29	72771	96158
66	CA14	64974	89934
66	FC11	21416	96246
66	MM27	67106	92396
66	NF30	70460	91185
66	MI21	34670	96738
66	FU14	65646	91909
66	BB13	67859	88587
66	WB20	28376	94978
67	SH2514	71868	93857
67	NF24	71788	92729
67	WB13	31353	95568
67	CW2212	42029	92197
67	SH2515	72087	93632
67	VR14	40217	92915
67	DN26	32630	93219
67	BU1031	43403	89947
67	VT27	72080	94246
67	CW2214	48527	95360
67	BU04	44994	92206
67	GC30	65447	89984
67	DL2524	70304	90182
67	VT29	67792	88629
67	DL23523	72951	93319
67	PZ29	35645	95336
67	LI04	20628	94231
67	WE2430	36002	95633
67	WS04	73165	94065
67	WE2431	36375	94870
67	WS05	72557	93004
67	BB10	67869	88840
67	VG21	69551	91975
67	CE29	72352	95599
67	CA14	64612	89411
67	FC11	21281	95684
67	MM27	66721	91847
67	NF30	70051	90640
67	MI21	34406	96161
67	FU14	65249	91365
67	BB13	67496	88067
67	WB20	28218	94426
68	SH2514	71712	93616
68	NF24	71606	92501
68	WB13	31362	95325
68	CW2212	42025	91975
68	SH2515	71847	93391
68	VR14	40208	92666
68	DN26	32578	92996
68	BU1031	43405	89710
68	VT27	71935	94020
68	CW2214	48537	95119
68	BU04	44998	91987
68	GC30	65281	89769
68	DL2524	70172	89982
68	VT29	67642	88410
68	DL23523	72763	93088
68	PZ29	35615	95091
68	LI04	20588	93995
68	WE2430	36003	95405
68	WS04	72962	93827
68	WE2431	36277	94630
68	WS05	72385	92764
68	BB10	67681	88630
68	VG21	69355	91751
68	CE29	72140	95361
68	CA14	64411	89188
68	FC11	21268	95438
68	MM27	66551	91610
68	NF30	69906	90429
68	MI21	34399	95928
68	FU14	65095	91139
68	BB13	67264	87870
68	WB20	28170	94184
69	SH2514	71730	93638
69	NF24	71590	92527
69	WB13	31433	95350
69	CW2212	42028	91973
69	SH2515	71922	93403
69	VR14	40184	92684
69	DN26	32582	93009
69	BU1031	43414	89736
69	VT27	71929	94027
69	CW2214	48546	95125
69	BU04	45000	91998
69	GC30	65338	89794
69	DL2524	70216	89989
69	VT29	67686	88441
69	DL23523	72811	93112
69	PZ29	35599	95112
69	LI04	20606	94005
69	WE2430	36017	95431
69	WS04	73024	93839
69	WE2431	36258	94662
69	WS05	72394	92775
69	BB10	67719	88651
69	VG21	69417	91764
69	CE29	72174	95379
69	CA14	64476	89205
69	FC11	21255	95472
69	MM27	66579	91637
69	NF30	69841	90425
69	MI21	34411	95948
69	FU14	65129	91160
69	BB13	67301	87881
69	WB20	28211	94221
70	SH2514	71672	93630
70	NF24	71570	92511
70	WB13	31412	95345
70	CW2212	41971	91972
70	SH2515	71814	93398
70	VR14	40159	92683
70	DN26	32526	92995
70	BU1031	43358	89725
70	VT27	71901	94012
70	CW2214	48503	95126
70	BU04	44943	91980
70	GC30	65291	89758
70	DL2524	70158	89978
70	VT29	67637	88433
70	DL23523	72735	93095
70	PZ29	35634	95110
70	LI04	20640	93999
70	WE2430	35938	95421
70	WS04	72945	93832
70	WE2431	36253	94650
70	WS05	72366	92786
70	BB10	67681	88629
70	VG21	69399	91751
70	CE29	72144	95369
70	CA14	64415	89200
70	FC11	21274	95455
70	MM27	66534	91631
70	NF30	69830	90415
70	MI21	34413	95937
70	FU14	65100	91157
70	BB13	67305	87862
70	WB20	28209	94201
71	SH2514	71656	93642
71	NF24	71555	92524
71	WB13	31414	95358
71	CW2212	42000	92014
71	SH2515	71847	93420
71	VR14	40142	92705
71	DN26	32551	93026
71	BU1031	43353	89755
71	VT27	71961	94035
71	CW2214	48543	95156
71	BU04	44905	91992
71	GC30	65316	89801
71	DL2524	70223	89994
71	VT29	67684	88458
71	DL23523	72770	93111
71	PZ29	35595	95121
71	LI04	20618	94020
71	WE2430	35870	95428
71	WS04	72992	93846
71	WE2431	36177	94659
71	WS05	72424	92803
71	BB10	67712	88646
71	VG21	69406	91776
71	CE29	72195	95393
71	CA14	64467	89218
71	FC11	21287	95468
71	MM27	66542	91656
71	NF30	69855	90459
71	MI21	34373	95963
71	FU14	65089	91177
71	BB13	67334	87866
71	WB20	28197	94223
72	SH2514	72081	94176
72	NF24	72027	93066
72	WB13	31528	95899
72	CW2212	42238	92520
72	SH2515	72266	93957
72	VR14	40422	93231
72	DN26	32832	93543
72	BU1031	43612	90258
72	VT27	72347	94582
72	CW2214	48805	95696
72	BU04	45197	92522
72	GC30	65680	90320
72	DL2524	70587	90512
72	VT29	68041	88951
72	DL23523	73178	93640
72	PZ29	35803	95672
72	LI04	20718	94555
72	WE2430	36161	95980
72	WS04	73381	94393
72	WE2431	36440	95208
72	WS05	72795	93332
72	BB10	68082	89167
72	VG21	69758	92305
72	CE29	72572	95931
72	CA14	64793	89729
72	FC11	21367	96013
72	MM27	66942	92180
72	NF30	70281	90954
72	MI21	34558	96507
72	FU14	65460	91699
72	BB13	67692	88378
72	WB20	28298	94766
73	SH2514	71773	93747
73	NF24	71689	92622
73	WB13	31372	95435
73	CW2212	41984	92093
73	SH2515	71956	93518
73	VR14	40097	92785
73	DN26	32542	93103
73	BU1031	43307	89834
73	VT27	72024	94131
73	CW2214	48473	95232
73	BU04	44889	92098
73	GC30	65338	89877
73	DL2524	70252	90096
73	VT29	67714	88545
73	DL23523	72843	93215
73	PZ29	35563	95195
73	LI04	20570	94101
73	WE2430	35903	95520
73	WS04	73062	93944
73	WE2431	36206	94763
73	WS05	72505	92900
73	BB10	67815	88737
73	VG21	69460	91860
73	CE29	72253	95479
73	CA14	64482	89317
73	FC11	21199	95550
73	MM27	66624	91735
73	NF30	69956	90531
73	MI21	34350	96058
73	FU14	65154	91264
73	BB13	67421	87964
73	WB20	28158	94330
74	SH2514	71731	93678
74	NF24	71641	92565
74	WB13	31363	95393
74	CW2212	42002	92028
74	SH2515	71924	93446
74	VR14	40145	92749
74	DN26	32532	93051
74	BU1031	43353	89774
74	VT27	71970	94074
74	CW2214	48467	95178
74	BU04	44942	92041
74	GC30	65334	89827
74	DL2524	70228	90019
74	VT29	67720	88490
74	DL23523	72828	93143
74	PZ29	35576	95158
74	LI04	20596	94055
74	WE2430	36002	95467
74	WS04	73035	93886
74	WE2431	36254	94708
74	WS05	72457	92836
74	BB10	67729	88682
74	VG21	69406	91801
74	CE29	72178	95420
74	CA14	64480	89241
74	FC11	21267	95494
74	MM27	66601	91692
74	NF30	69879	90459
74	MI21	34352	95991
74	FU14	65108	91197
74	BB13	67410	87905
74	WB20	28151	94236
75	SH2514	71662	93620
75	NF24	71610	92511
75	WB13	31390	95341
75	CW2212	41968	91985
75	SH2515	71849	93395
75	VR14	40138	92690
75	DN26	32567	92995
75	BU1031	43355	89736
75	VT27	71954	94023
75	CW2214	48511	95129
75	BU04	44918	91983
75	GC30	65274	89756
75	DL2524	70174	89982
75	VT29	67629	88429
75	DL23523	72715	93092
75	PZ29	35582	95103
75	LI04	20600	94000
75	WE2430	35979	95427
75	WS04	72950	93821
75	WE2431	36266	94651
75	WS05	72346	92795
75	BB10	67694	88635
75	VG21	69348	91754
75	CE29	72136	95375
75	CA14	64427	89202
75	FC11	21278	95466
75	MM27	66554	91634
75	NF30	69868	90427
75	MI21	34336	95945
75	FU14	65070	91152
75	BB13	67307	87856
75	WB20	28174	94194
76	SH2514	71616	93600
76	NF24	71585	92480
76	WB13	31375	95324
76	CW2212	41941	91957
76	SH2515	71821	93377
76	VR14	40200	92662
76	DN26	32585	92965
76	BU1031	43369	89702
76	VT27	71911	94013
76	CW2214	48530	95109
76	BU04	44905	91950
76	GC30	65245	89736
76	DL2524	70135	89956
76	VT29	67611	88387
76	DL23523	72729	93081
76	PZ29	35638	95087
76	LI04	20622	93985
76	WE2430	36020	95390
76	WS04	72946	93813
76	WE2431	36280	94629
76	WS05	72351	92761
76	BB10	67671	88597
76	VG21	69343	91754
76	CE29	72143	95342
76	CA14	64409	89172
76	FC11	21258	95427
76	MM27	66521	91613
76	NF30	69841	90401
76	MI21	34371	95922
76	FU14	65051	91129
76	BB13	67283	87833
76	WB20	28196	94183
77	SH2514	71693	93665
77	NF24	71565	92525
77	WB13	31365	95377
77	CW2212	41977	92019
77	SH2515	71856	93435
77	VR14	40230	92726
77	DN26	32634	93032
77	BU1031	43369	89771
77	VT27	71898	94057
77	CW2214	48518	95157
77	BU04	44922	92013
77	GC30	65231	89800
77	DL2524	70174	90004
77	VT29	67614	88462
77	DL23523	72678	93125
77	PZ29	35591	95132
77	LI04	20594	94024
77	WE2430	35947	95435
77	WS04	72957	93863
77	WE2431	36237	94673
77	WS05	72392	92814
77	BB10	67682	88652
77	VG21	69348	91773
77	CE29	72126	95398
77	CA14	64433	89247
77	FC11	21230	95464
77	MM27	66553	91666
77	NF30	69843	90464
77	MI21	34323	95971
77	FU14	65065	91184
77	BB13	67295	87884
77	WB20	28146	94223
78	SH2514	72301	94446
78	NF24	72219	93310
78	WB13	31633	96170
78	CW2212	42365	92796
78	SH2515	72494	94215
78	VR14	40506	93492
78	DN26	32904	93809
78	BU1031	43748	90513
78	VT27	72537	94842
78	CW2214	48902	95955
78	BU04	45333	92789
78	GC30	65842	90551
78	DL2524	70784	90754
78	VT29	68244	89209
78	DL23523	73392	93906
78	PZ29	35913	95929
78	LI04	20773	94819
78	WE2430	36292	96247
78	WS04	73588	94648
78	WE2431	36562	95475
78	WS05	73015	93596
78	BB10	68281	89403
78	VG21	69954	92555
78	CE29	72779	96197
78	CA14	64999	89977
78	FC11	21431	96283
78	MM27	67136	92433
78	NF30	70474	91210
78	MI21	34676	96772
78	FU14	65664	91950
78	BB13	67895	88623
78	WB20	28386	95022
79	SH2514	71758	93750
79	NF24	71683	92615
79	WB13	31307	95447
79	CW2212	42048	92081
79	SH2515	71959	93520
79	VR14	40189	92794
79	DN26	32556	93114
79	BU1031	43389	89839
79	VT27	71988	94131
79	CW2214	48563	95244
79	BU04	44963	92087
79	GC30	65374	89890
79	DL2524	70234	90068
79	VT29	67671	88526
79	DL23523	72804	93192
79	PZ29	35541	95207
79	LI04	20606	94103
79	WE2430	35973	95527
79	WS04	73036	93945
79	WE2431	36235	94754
79	WS05	72457	92887
79	BB10	67781	88733
79	VG21	69420	91852
79	CE29	72252	95472
79	CA14	64510	89309
79	FC11	21254	95557
79	MM27	66595	91742
79	NF30	69936	90517
79	MI21	34357	96048
79	FU14	65169	91275
79	BB13	67353	87963
79	WB20	28119	94300
80	SH2514	71614	93569
80	NF24	71552	92451
80	WB13	31394	95284
80	CW2212	41991	91921
80	SH2515	71842	93342
80	VR14	40179	92627
80	DN26	32675	92937
80	BU1031	43369	89676
80	VT27	71879	93969
80	CW2214	48480	95059
80	BU04	44923	91935
80	GC30	65288	89717
80	DL2524	70132	89920
80	VT29	67626	88367
80	DL23523	72656	93037
80	PZ29	35593	95042
80	LI04	20610	93944
80	WE2430	35981	95360
80	WS04	72907	93785
80	WE2431	36252	94593
80	WS05	72326	92725
80	BB10	67666	88584
80	VG21	69335	91709
80	CE29	72103	95301
80	CA14	64404	89137
80	FC11	21270	95399
80	MM27	66524	91565
80	NF30	69834	90369
80	MI21	34362	95887
80	FU14	65059	91081
80	BB13	67284	87809
80	WB20	28174	94138
81	SH2514	71702	93641
81	NF24	71657	92515
81	WB13	31397	95353
81	CW2212	41976	91988
81	SH2515	71945	93394
81	VR14	40165	92705
81	DN26	32715	93006
81	BU1031	43358	89735
81	VT27	71926	94008
81	CW2214	48491	95149
81	BU04	44942	91986
81	GC30	65301	89765
81	DL2524	70247	89984
81	VT29	67656	88414
81	DL23523	72836	93094
81	PZ29	35621	95122
81	LI04	20611	94008
81	WE2430	36018	95429
81	WS04	72998	93826
81	WE2431	36229	94659
81	WS05	72407	92784
81	BB10	67750	88617
81	VG21	69419	91765
81	CE29	72210	95367
81	CA14	64481	89203
81	FC11	21299	95468
81	MM27	66576	91623
81	NF30	69890	90439
81	MI21	34395	95955
81	FU14	65129	91146
81	BB13	67330	87862
81	WB20	28162	94207
82	SH2514	71717	93698
82	NF24	71645	92583
82	WB13	31390	95410
82	CW2212	42031	92044
82	SH2515	71899	93476
82	VR14	40187	92755
82	DN26	32634	93070
82	BU1031	43376	89768
82	VT27	71964	94104
82	CW2214	48528	95202
82	BU04	44965	92045
82	GC30	65301	89830
82	DL2524	70231	90019
82	VT29	67692	88519
82	DL23523	72837	93169
82	PZ29	35639	95173
82	LI04	20615	94073
82	WE2430	36004	95473
82	WS04	73006	93893
82	WE2431	36300	94720
82	WS05	72423	92842
82	BB10	67719	88696
82	VG21	69406	91837
82	CE29	72204	95440
82	CA14	64455	89266
82	FC11	21239	95518
82	MM27	66624	91708
82	NF30	69915	90501
82	MI21	34392	96004
82	FU14	65089	91225
82	BB13	67351	87935
82	WB20	28139	94261
83	SH2514	72081	94158
83	NF24	71987	93032
83	WB13	31506	95887
83	CW2212	42232	92513
83	SH2515	72260	93919
83	VR14	40381	93215
83	DN26	32718	93525
83	BU1031	43611	90243
83	VT27	72337	94558
83	CW2214	48769	95668
83	BU04	45188	92512
83	GC30	65673	90278
83	DL2524	70576	90485
83	VT29	68039	88935
83	DL23523	73163	93625
83	PZ29	35774	95639
83	LI04	20700	94539
83	WE2430	36143	95957
83	WS04	73383	94361
83	WE2431	36431	95193
83	WS05	72787	93305
83	BB10	68066	89124
83	VG21	69753	92281
83	CE29	72579	95912
83	CA14	64800	89698
83	FC11	21371	96003
83	MM27	66943	92157
83	NF30	70273	90952
83	MI21	34553	96489
83	FU14	65457	91665
83	BB13	67711	88375
83	WB20	28292	94744
84	SH2514	71860	93840
84	NF24	71796	92758
84	WB13	31390	95564
84	CW2212	42039	92212
84	SH2515	72056	93618
84	VR14	40262	92924
84	DN26	32652	93229
84	BU1031	43423	89959
84	VT27	72139	94257
84	CW2214	48521	95346
84	BU04	45003	92213
84	GC30	65438	89984
84	DL2524	70357	90190
84	VT29	67880	88662
84	DL23523	72941	93322
84	PZ29	35675	95334
84	LI04	20640	94238
84	WE2430	35960	95634
84	WS04	73140	94056
84	WE2431	36277	94866
84	WS05	72559	93013
84	BB10	67892	88848
84	VG21	69543	91983
84	CE29	72342	95594
84	CA14	64576	89427
84	FC11	21291	95684
84	MM27	66729	91854
84	NF30	70023	90648
84	MI21	34414	96175
84	FU14	65293	91374
84	BB13	67501	88067
84	WB20	28249	94438
85	SH2514	71675	93617
85	NF24	71625	92506
85	WB13	31337	95329
85	CW2212	41980	91983
85	SH2515	71867	93388
85	VR14	40175	92689
85	DN26	32632	92998
85	BU1031	43379	89720
85	VT27	71945	94018
85	CW2214	48520	95127
85	BU04	44942	91986
85	GC30	65287	89766
85	DL2524	70199	89965
85	VT29	67660	88410
85	DL23523	72766	93113
85	PZ29	35638	95103
85	LI04	20589	94002
85	WE2430	36008	95418
85	WS04	72985	93828
85	WE2431	36291	94652
85	WS05	72412	92788
85	BB10	67735	88627
85	VG21	69370	91751
85	CE29	72167	95371
85	CA14	64479	89198
85	FC11	21245	95455
85	MM27	66592	91625
85	NF30	69916	90428
85	MI21	34400	95942
85	FU14	65105	91152
85	BB13	67382	87865
85	WB20	28184	94212
86	SH2514	71665	93619
86	NF24	71594	92506
86	WB13	31325	95338
86	CW2212	41999	91987
86	SH2515	71796	93408
86	VR14	40108	92679
86	DN26	32608	92979
86	BU1031	43325	89714
86	VT27	71924	94015
86	CW2214	48446	95123
86	BU04	44896	91975
86	GC30	65283	89771
86	DL2524	70147	89982
86	VT29	67666	88428
86	DL23523	72717	93104
86	PZ29	35610	95107
86	LI04	20582	93994
86	WE2430	35907	95413
86	WS04	72931	93836
86	WE2431	36274	94649
86	WS05	72331	92773
86	BB10	67645	88626
86	VG21	69366	91753
86	CE29	72119	95359
86	CA14	64451	89194
86	FC11	21244	95452
86	MM27	66552	91629
86	NF30	69848	90408
86	MI21	34349	95933
86	FU14	65078	91149
86	BB13	67274	87874
86	WB20	28137	94203
87	SH2514	71732	93675
87	NF24	71623	92547
87	WB13	31324	95398
87	CW2212	41960	92050
87	SH2515	71932	93460
87	VR14	40167	92742
87	DN26	32571	93059
87	BU1031	43292	89786
87	VT27	71916	94083
87	CW2214	48481	95188
87	BU04	44886	92041
87	GC30	65349	89834
87	DL2524	70187	90015
87	VT29	67644	88478
87	DL23523	72763	93148
87	PZ29	35595	95173
87	LI04	20612	94055
87	WE2430	35926	95476
87	WS04	73001	93896
87	WE2431	36247	94709
87	WS05	72401	92847
87	BB10	67772	88712
87	VG21	69404	91805
87	CE29	72160	95421
87	CA14	64457	89254
87	FC11	21240	95514
87	MM27	66597	91700
87	NF30	69912	90485
87	MI21	34332	95996
87	FU14	65124	91207
87	BB13	67345	87907
87	WB20	28115	94262
88	SH2514	72300	94441
88	NF24	72200	93310
88	WB13	31612	96162
88	CW2212	42333	92776
88	SH2515	72489	94209
88	VR14	40535	93499
88	DN26	32865	93806
88	BU1031	43708	90514
88	VT27	72554	94833
88	CW2214	48895	95950
88	BU04	45297	92777
88	GC30	65838	90550
88	DL2524	70788	90755
88	VT29	68230	89189
88	DL23523	73362	93905
88	PZ29	35902	95932
88	LI04	20783	94820
88	WE2430	36248	96240
88	WS04	73593	94646
88	WE2431	36552	95471
88	WS05	72993	93589
88	BB10	68287	89404
88	VG21	69958	92551
88	CE29	72770	96189
88	CA14	64992	89972
88	FC11	21439	96282
88	MM27	67118	92427
88	NF30	70471	91208
88	MI21	34641	96773
88	FU14	65639	91942
88	BB13	67885	88616
88	WB20	28428	95020
89	SH2514	71816	93870
89	NF24	71768	92771
89	WB13	31423	95591
89	CW2212	42076	92241
89	SH2515	72015	93651
89	VR14	40236	92938
89	DN26	32652	93250
89	BU1031	43456	89960
89	VT27	72082	94282
89	CW2214	48614	95389
89	BU04	45041	92235
89	GC30	65419	90010
89	DL2524	70324	90226
89	VT29	67791	88661
89	DL23523	72922	93343
89	PZ29	35680	95367
89	LI04	20639	94259
89	WE2430	36080	95671
89	WS04	73137	94079
89	WE2431	36332	94918
89	WS05	72533	93044
89	BB10	67841	88863
89	VG21	69490	92001
89	CE29	72290	95622
89	CA14	64558	89433
89	FC11	21285	95699
89	MM27	66683	91878
89	NF30	70021	90669
89	MI21	34411	96192
89	FU14	65222	91399
89	BB13	67450	88096
89	WB20	28204	94470
90	SH2514	71656	93620
90	NF24	71616	92513
90	WB13	31352	95341
90	CW2212	41972	91976
90	SH2515	71850	93387
90	VR14	40168	92673
90	DN26	32606	92982
90	BU1031	43332	89713
90	VT27	71933	94016
90	CW2214	48488	95121
90	BU04	44903	91968
90	GC30	65290	89759
90	DL2524	70187	89954
90	VT29	67670	88432
90	DL23523	72780	93093
90	PZ29	35572	95105
90	LI04	20577	93982
90	WE2430	35960	95408
90	WS04	72980	93838
90	WE2431	36268	94640
90	WS05	72397	92787
90	BB10	67715	88626
90	VG21	69407	91756
90	CE29	72179	95365
90	CA14	64446	89195
90	FC11	21247	95450
90	MM27	66571	91635
90	NF30	69899	90433
90	MI21	34344	95926
90	FU14	65070	91159
90	BB13	67338	87866
90	WB20	28125	94206
91	SH2514	71667	93660
91	NF24	71586	92538
91	WB13	31352	95377
91	CW2212	41950	92024
91	SH2515	71864	93431
91	VR14	40125	92730
91	DN26	32546	93036
91	BU1031	43312	89777
91	VT27	71966	94050
91	CW2214	48435	95173
91	BU04	44834	92012
91	GC30	65289	89791
91	DL2524	70189	90013
91	VT29	67710	88462
91	DL23523	72752	93124
91	PZ29	35493	95140
91	LI04	20550	94036
91	WE2430	35909	95456
91	WS04	73001	93866
91	WE2431	36241	94694
91	WS05	72403	92817
91	BB10	67698	88642
91	VG21	69302	91771
91	CE29	72165	95403
91	CA14	64446	89226
91	FC11	21199	95487
91	MM27	66563	91670
91	NF30	69862	90459
91	MI21	34295	95979
91	FU14	65077	91179
91	BB13	67338	87892
91	WB20	28134	94251
92	SH2514	71824	93863
92	NF24	71737	92728
92	WB13	31414	95582
92	CW2212	42046	92207
92	SH2515	72010	93621
92	VR14	40277	92927
92	DN26	32660	93243
92	BU1031	43433	89962
92	VT27	72065	94249
92	CW2214	48434	95343
92	BU04	45013	92212
92	GC30	65406	89990
92	DL2524	70296	90188
92	VT29	67757	88648
92	DL23523	72914	93319
92	PZ29	35657	95327
92	LI04	20630	94242
92	WE2430	36072	95646
92	WS04	73114	94058
92	WE2431	36343	94880
92	WS05	72522	93014
92	BB10	67837	88831
92	VG21	69511	91986
92	CE29	72315	95598
92	CA14	64549	89400
92	FC11	21276	95681
92	MM27	66668	91859
92	NF30	70005	90656
92	MI21	34458	96169
92	FU14	65156	91368
92	BB13	67465	88061
92	WB20	28182	94439
93	SH2514	71739	93700
93	NF24	71642	92588
93	WB13	31369	95423
93	CW2212	42008	92075
93	SH2515	71939	93475
93	VR14	40178	92779
93	DN26	32552	93084
93	BU1031	43321	89822
93	VT27	72001	94095
93	CW2214	48376	95210
93	BU04	44902	92075
93	GC30	65346	89852
93	DL2524	70264	90051
93	VT29	67731	88515
93	DL23523	72825	93168
93	PZ29	35599	95190
93	LI04	20572	94097
93	WE2430	35952	95491
93	WS04	73066	93921
93	WE2431	36249	94729
93	WS05	72471	92851
93	BB10	67774	88705
93	VG21	69429	91815
93	CE29	72199	95452
93	CA14	64509	89281
93	FC11	21247	95535
93	MM27	66609	91711
93	NF30	69910	90496
93	MI21	34361	96014
93	FU14	65121	91219
93	BB13	67389	87935
93	WB20	28108	94293
94	SH2514	71650	93633
94	NF24	71543	92520
94	WB13	31406	95344
94	CW2212	42006	92001
94	SH2515	71818	93391
94	VR14	40180	92711
94	DN26	32622	92998
94	BU1031	43365	89751
94	VT27	71889	94029
94	CW2214	48377	95124
94	BU04	44929	91985
94	GC30	65290	89776
94	DL2524	70168	89974
94	VT29	67633	88439
94	DL23523	72710	93091
94	PZ29	35591	95102
94	LI04	20585	94005
94	WE2430	35925	95419
94	WS04	72931	93826
94	WE2431	36245	94658
94	WS05	72335	92778
94	BB10	67668	88625
94	VG21	69339	91747
94	CE29	72160	95371
94	CA14	64407	89211
94	FC11	21232	95456
94	MM27	66572	91637
94	NF30	69812	90438
94	MI21	34335	95945
94	FU14	65031	91156
94	BB13	67273	87846
94	WB20	28132	94207
95	SH2514	71654	93604
95	NF24	71549	92488
95	WB13	31390	95317
95	CW2212	41983	91951
95	SH2515	71809	93377
95	VR14	40168	92671
95	DN26	32495	92973
95	BU1031	43335	89696
95	VT27	71846	94002
95	CW2214	48520	95102
95	BU04	44887	91952
95	GC30	65241	89757
95	DL2524	70180	89946
95	VT29	67609	88381
95	DL23523	72724	93063
95	PZ29	35542	95089
95	LI04	20587	93967
95	WE2430	35889	95383
95	WS04	72875	93800
95	WE2431	36218	94628
95	WS05	72303	92760
95	BB10	67661	88596
95	VG21	69345	91727
95	CE29	72120	95345
95	CA14	64403	89171
95	FC11	21259	95420
95	MM27	66520	91612
95	NF30	69833	90394
95	MI21	34337	95904
95	FU14	65025	91117
95	BB13	67273	87830
95	WB20	28101	94161
96	SH2514	71811	93762
96	NF24	71706	92636
96	WB13	31400	95476
96	CW2212	42032	92122
96	SH2515	71994	93535
96	VR14	40222	92827
96	DN26	32516	93133
96	BU1031	43407	89853
96	VT27	72050	94149
96	CW2214	48552	95266
96	BU04	44971	92102
96	GC30	65396	89904
96	DL2524	70276	90100
96	VT29	67798	88558
96	DL23523	72871	93228
96	PZ29	35649	95236
96	LI04	20613	94131
96	WE2430	35968	95542
96	WS04	73083	93955
96	WE2431	36326	94783
96	WS05	72509	92915
96	BB10	67804	88732
96	VG21	69446	91873
96	CE29	72265	95502
96	CA14	64581	89327
96	FC11	21260	95587
96	MM27	66679	91755
96	NF30	70021	90542
96	MI21	34414	96073
96	FU14	65214	91283
96	BB13	67382	87970
96	WB20	28141	94332
97	SH2514	71677	93582
97	NF24	71663	92486
97	WB13	31271	95306
97	CW2212	41978	91938
97	SH2515	71875	93369
97	VR14	40150	92684
97	DN26	32542	92975
97	BU1031	43273	89707
97	VT27	71948	93990
97	CW2214	48524	95107
97	BU04	44851	91956
97	GC30	65300	89736
97	DL2524	70220	89941
97	VT29	67686	88415
97	DL23523	72773	93067
97	PZ29	35579	95080
97	LI04	20576	93975
97	WE2430	35908	95383
97	WS04	73021	93815
97	WE2431	36198	94620
97	WS05	72420	92748
97	BB10	67706	88593
97	VG21	69384	91740
97	CE29	72197	95344
97	CA14	64454	89189
97	FC11	21225	95426
97	MM27	66579	91598
97	NF30	69918	90393
97	MI21	34354	95907
97	FU14	65108	91121
97	BB13	67370	87836
97	WB20	28123	94174
98	SH2514	71552	93526
98	NF24	71516	92395
98	WB13	31287	95209
98	CW2212	41927	91862
98	SH2515	71766	93283
98	VR14	40144	92583
98	DN26	32614	92892
98	BU1031	43244	89610
98	VT27	71846	93905
98	CW2214	48468	95006
98	BU04	44836	91858
98	GC30	65198	89660
98	DL2524	70072	89872
98	VT29	67553	88335
98	DL23523	72640	92979
98	PZ29	35503	94986
98	LI04	20574	93880
98	WE2430	35964	95289
98	WS04	72882	93716
98	WE2431	36195	94536
98	WS05	72306	92672
98	BB10	67636	88537
98	VG21	69254	91634
98	CE29	72042	95257
98	CA14	64341	89085
98	FC11	21190	95335
98	MM27	66466	91508
98	NF30	69785	90306
98	MI21	34320	95811
98	FU14	64997	91034
98	BB13	67232	87744
98	WB20	28096	94078
99	SH2514	71645	93643
99	NF24	71612	92533
99	WB13	31293	95363
99	CW2212	41992	91992
99	SH2515	71838	93404
99	VR14	40191	92711
99	DN26	32620	93023
99	BU1031	43329	89758
99	VT27	71959	94042
99	CW2214	48526	95157
99	BU04	44891	92001
99	GC30	65305	89799
99	DL2524	70155	89995
99	VT29	67645	88462
99	DL23523	72741	93112
99	PZ29	35626	95125
99	LI04	20571	94030
99	WE2430	35993	95431
99	WS04	72946	93856
99	WE2431	36223	94671
99	WS05	72355	92808
99	BB10	67663	88645
99	VG21	69336	91773
99	CE29	72128	95400
99	CA14	64482	89229
99	FC11	21209	95484
99	MM27	66545	91665
99	NF30	69860	90447
99	MI21	34375	95974
99	FU14	65075	91191
99	BB13	67286	87869
99	WB20	28143	94227
100	SH2514	72316	94495
100	NF24	72251	93364
100	WB13	31624	96224
100	CW2212	42360	92840
100	SH2515	72499	94261
100	VR14	40536	93554
100	DN26	32900	93864
100	BU1031	43754	90567
100	VT27	72603	94896
100	CW2214	48905	96009
100	BU04	45338	92842
100	GC30	65868	90611
100	DL2524	70814	90815
100	VT29	68268	89247
100	DL23523	73396	93962
100	PZ29	35925	95984
100	LI04	20785	94874
100	WE2430	36320	96304
100	WS04	73622	94700
100	WE2431	36567	95528
100	WS05	73020	93646
100	BB10	68296	89447
100	VG21	69993	92602
100	CE29	72801	96247
100	CA14	65037	90025
100	FC11	21437	96338
100	MM27	67161	92481
100	NF30	70480	91261
100	MI21	34686	96833
100	FU14	65679	91999
100	BB13	67918	88674
100	WB20	28411	95084
101	SH2514	71758	93770
101	NF24	71674	92661
101	WB13	31400	95510
101	CW2212	42034	92166
101	SH2515	71974	93560
101	VR14	40180	92858
101	DN26	32620	93171
101	BU1031	43372	89898
101	VT27	72030	94190
101	CW2214	48428	95287
101	BU04	44954	92141
101	GC30	65368	89942
101	DL2524	70258	90137
101	VT29	67760	88594
101	DL23523	72870	93245
101	PZ29	35601	95271
101	LI04	20608	94151
101	WE2430	35935	95577
101	WS04	73084	93994
101	WE2431	36249	94814
101	WS05	72487	92934
101	BB10	67760	88753
101	VG21	69452	91905
101	CE29	72218	95512
101	CA14	64512	89348
101	FC11	21261	95607
101	MM27	66644	91782
101	NF30	69932	90567
101	MI21	34391	96107
101	FU14	65175	91312
101	BB13	67391	87999
101	WB20	28180	94373
102	SH2514	71622	93605
102	NF24	71545	92486
102	WB13	31416	95334
102	CW2212	41984	91987
102	SH2515	71832	93378
102	VR14	40120	92685
102	DN26	32543	93000
102	BU1031	43343	89736
102	VT27	71906	94008
102	CW2214	48314	95105
102	BU04	44890	91974
102	GC30	65260	89753
102	DL2524	70104	89940
102	VT29	67655	88406
102	DL23523	72713	93078
102	PZ29	35582	95091
102	LI04	20604	94001
102	WE2430	35981	95400
102	WS04	72891	93812
102	WE2431	36254	94632
102	WS05	72326	92763
102	BB10	67661	88606
102	VG21	69353	91729
102	CE29	72131	95349
102	CA14	64409	89176
102	FC11	21264	95436
102	MM27	66509	91615
102	NF30	69825	90404
102	MI21	34326	95930
102	FU14	65068	91148
102	BB13	67300	87826
102	WB20	28107	94194
103	SH2514	71788	93774
103	NF24	71721	92656
103	WB13	31408	95498
103	CW2212	42008	92135
103	SH2515	72011	93549
103	VR14	40175	92833
103	DN26	32588	93153
103	BU1031	43419	89893
103	VT27	72080	94188
103	CW2214	48442	95275
103	BU04	44992	92138
103	GC30	65406	89926
103	DL2524	70312	90126
103	VT29	67772	88575
103	DL23523	72870	93229
103	PZ29	35600	95251
103	LI04	20578	94159
103	WE2430	35973	95558
103	WS04	73106	93980
103	WE2431	36346	94805
103	WS05	72516	92925
103	BB10	67815	88753
103	VG21	69450	91902
103	CE29	72297	95521
103	CA14	64548	89343
103	FC11	21251	95604
103	MM27	66687	91780
103	NF30	69983	90562
103	MI21	34408	96098
103	FU14	65208	91295
103	BB13	67440	87995
103	WB20	28138	94356
104	SH2514	72416	94619
104	NF24	72339	93492
104	WB13	31685	96355
104	CW2212	42436	92966
104	SH2515	72604	94390
104	VR14	40593	93678
104	DN26	32943	93988
104	BU1031	43818	90688
104	VT27	72680	95023
104	CW2214	48988	96140
104	BU04	45405	92961
104	GC30	65959	90726
104	DL2524	70908	90931
104	VT29	68358	89374
104	DL23523	73505	94084
104	PZ29	35974	96116
104	LI04	20812	95001
104	WE2430	36352	96431
104	WS04	73725	94828
104	WE2431	36640	95659
104	WS05	73127	93772
104	BB10	68396	89571
104	VG21	70082	92730
104	CE29	72907	96382
104	CA14	65105	90149
104	FC11	21476	96468
104	MM27	67246	92605
104	NF30	70594	91388
104	MI21	34738	96962
104	FU14	65762	92122
104	BB13	68018	88797
104	WB20	28455	95207
105	SH2514	71740	93723
105	NF24	71623	92611
105	WB13	31346	95435
105	CW2212	42007	92083
105	SH2515	71896	93498
105	VR14	40208	92790
105	DN26	32666	93104
105	BU1031	43414	89831
105	VT27	72034	94139
105	CW2214	48582	95233
105	BU04	44997	92082
105	GC30	65347	89872
105	DL2524	70218	90070
105	VT29	67735	88531
105	DL23523	72787	93192
105	PZ29	35642	95205
105	LI04	20607	94094
105	WE2430	35993	95521
105	WS04	73005	93935
105	WE2431	36302	94750
105	WS05	72405	92883
105	BB10	67717	88727
105	VG21	69425	91851
105	CE29	72215	95467
105	CA14	64491	89303
105	FC11	21283	95549
105	MM27	66611	91718
105	NF30	69885	90533
105	MI21	34420	96043
105	FU14	65140	91257
105	BB13	67338	87953
105	WB20	28148	94302
106	SH2514	71650	93609
106	NF24	71565	92489
106	WB13	31312	95309
106	CW2212	41953	91962
106	SH2515	71827	93374
106	VR14	40168	92664
106	DN26	32542	92961
106	BU1031	43356	89702
106	VT27	71925	94006
106	CW2214	48454	95109
106	BU04	44936	91962
106	GC30	65235	89746
106	DL2524	70152	89985
106	VT29	67588	88426
106	DL23523	72693	93084
106	PZ29	35605	95084
106	LI04	20604	93969
106	WE2430	35968	95398
106	WS04	72949	93803
106	WE2431	36228	94629
106	WS05	72340	92764
106	BB10	67644	88629
106	VG21	69357	91729
106	CE29	72094	95343
106	CA14	64398	89173
106	FC11	21264	95423
106	MM27	66521	91616
106	NF30	69825	90417
106	MI21	34411	95918
106	FU14	65095	91138
106	BB13	67269	87832
106	WB20	28195	94183
107	SH2514	71764	93778
107	NF24	71691	92666
107	WB13	31407	95503
107	CW2212	42093	92144
107	SH2515	71974	93566
107	VR14	40228	92848
107	DN26	32686	93163
107	BU1031	43473	89905
107	VT27	72075	94192
107	CW2214	48480	95286
107	BU04	45041	92143
107	GC30	65340	89914
107	DL2524	70275	90137
107	VT29	67756	88581
107	DL23523	72845	93255
107	PZ29	35716	95260
107	LI04	20659	94176
107	WE2430	36087	95572
107	WS04	73046	93975
107	WE2431	36341	94797
107	WS05	72475	92936
107	BB10	67755	88783
107	VG21	69434	91913
107	CE29	72261	95522
107	CA14	64486	89347
107	FC11	21306	95608
107	MM27	66624	91800
107	NF30	69979	90575
107	MI21	34499	96101
107	FU14	65146	91312
107	BB13	67400	88014
107	WB20	28217	94360
108	SH2514	72441	94647
108	NF24	72363	93520
108	WB13	31691	96381
108	CW2212	42447	92990
108	SH2515	72629	94417
108	VR14	40605	93702
108	DN26	32956	94013
108	BU1031	43828	90713
108	VT27	72706	95050
108	CW2214	49000	96166
108	BU04	45419	92990
108	GC30	65986	90753
108	DL2524	70929	90957
108	VT29	68380	89396
108	DL23523	73528	94112
108	PZ29	35986	96142
108	LI04	20817	95028
108	WE2430	36362	96455
108	WS04	73747	94855
108	WE2431	36647	95685
108	WS05	73151	93797
108	BB10	68419	89597
108	VG21	70106	92757
108	CE29	72929	96408
108	CA14	65129	90174
108	FC11	21480	96495
108	MM27	67269	92633
108	NF30	70616	91415
108	MI21	34747	96988
108	FU14	65786	92148
108	BB13	68037	88820
108	WB20	28458	95231
109	SH2514	71883	93943
109	NF24	71786	92817
109	WB13	31450	95660
109	CW2212	42126	92287
109	SH2515	72092	93719
109	VR14	40289	92988
109	DN26	32665	93310
109	BU1031	43491	90018
109	VT27	72160	94349
109	CW2214	48657	95445
109	BU04	45060	92279
109	GC30	65479	90088
109	DL2524	70412	90278
109	VT29	67886	88755
109	DL23523	72978	93411
109	PZ29	35692	95417
109	LI04	20656	94300
109	WE2430	36090	95733
109	WS04	73164	94143
109	WE2431	36336	94959
109	WS05	72585	93101
109	BB10	67902	88914
109	VG21	69563	92076
109	CE29	72360	95690
109	CA14	64616	89500
109	FC11	21332	95759
109	MM27	66741	91943
109	NF30	70059	90728
109	MI21	34475	96251
109	FU14	65289	91480
109	BB13	67519	88154
109	WB20	28239	94512
